,recommendationid,author,language,review,timestamp_created,timestamp_updated,voted_up,votes_up,votes_funny,weighted_vote_score,comment_count,steam_purchase,received_for_free,written_during_early_access,hidden_in_steam_china,steam_china_location
0,117300167,"{'steamid': '76561198976283119', 'num_games_owned': 17, 'num_reviews': 1, 'playtime_forever': 83476, 'playtime_last_two_weeks': 725, 'playtime_at_review': 60371, 'last_played': 1680292907}",schinese,"外挂没有母亲，这是很难过的一件事情，但是他的父亲是谁，我们一无所知，毕竟每个人都有可能是他的父亲。
外掛沒有母親，這是很難過的一件事情，但是他的父親是誰，我們一無所知，畢竟每個人都有可能是他的父親。
プラグインのない母親がいるのは悲しいことですが、父親が誰なのかわかりません。
It is a sad thing to have a mother without a plug-in, but we do n’t know who his father is. After all, everyone can be his father.
C'est triste d'avoir une mère sans plug-in, mais on ne sait pas qui est son père, après tout, tout le monde peut être son père.
Грустно иметь мать без плагина, но мы не знаем, кто его отец. Ведь каждый может быть его отцом.
Es ist traurig, eine Mutter ohne Plug-In zu haben, aber wir wissen nicht, wer sein Vater ist. Schließlich kann jeder sein Vater sein.
plug-in မပါသောမိခင်တစ် ဦး ရှိခြင်းသည်ဝမ်းနည်းဖွယ်ကောင်းသော်လည်းသူ၏ဖခင်သည်မည်သူမည်ဝါဖြစ်ကြောင်းကျွန်ုပ်တို့မသိပါ။
Είναι λυπηρό να έχουμε μια μητέρα χωρίς προσθήκη, αλλά δεν ξέρουμε ποιος είναι ο πατέρας του. Εξάλλου, όλοι μπορούν να είναι ο πατέρας του.",1655745020,1655745020,True,1297,414,0.985363245010375977,0,False,False,False,False,
1,130090295,"{'steamid': '76561199069425571', 'num_games_owned': 15, 'num_reviews': 2, 'playtime_forever': 40599, 'playtime_last_two_weeks': 238, 'playtime_at_review': 33524, 'last_played': 1679152786}",schinese,"外挂没有母亲，这是很难过的一件事情，但是他的父亲是谁，我们一无所知，毕竟每个人都有可能是他的父亲。
外掛沒有母親，這是很難過的一件事情，但是他的父親是誰，我們一無所知，畢竟每個人都有可能是他的父親。
プラグインのない母親がいるのは悲しいことですが、父親が誰なのかわかりません。
It is a sad thing to have a mother without a plug-in, but we do n’t know who his father is. After all, everyone can be his father.
C'est triste d'avoir une mère sans plug-in, mais on ne sait pas qui est son père, après tout, tout le monde peut être son père.
Грустно иметь мать без плагина, но мы не знаем, кто его отец. Ведь каждый может быть его отцом.
Es ist traurig, eine Mutter ohne Plug-In zu haben, aber wir wissen nicht, wer sein Vater ist. Schließlich kann jeder sein Vater sein.
plug-in မပါသောမိခင်တစ် ဦး ရှိခြင်းသည်ဝမ်းနည်းဖွယ်ကောင်းသော်လည်းသူ၏ဖခင်သည်မည်သူမည်ဝါဖြစ်ကြောင်းကျွန်ုပ်တို့မသိပါ။
Είναι λυπηρό να έχουμε μια μητέρα χωρίς προσθήκη, αλλά δεν ξέρουμε ποιος είναι ο πατέρας του. Εξάλλου, όλοι μπορούν να είναι ο πατέρας του.",1672818200,1672818200,True,1842,360,0.985148370265960693,0,True,False,False,True,
2,120490029,"{'steamid': '76561198811415158', 'num_games_owned': 64, 'num_reviews': 4, 'playtime_forever': 31067, 'playtime_last_two_weeks': 151, 'playtime_at_review': 20961, 'last_played': 1679804765}",schinese,太好玩了！！进去不仅刀会转，人也会转！,1660301062,1660301062,True,1204,509,0.984513044357299805,13,True,False,False,False,
3,125510746,"{'steamid': '76561199036468530', 'num_games_owned': 36, 'num_reviews': 2, 'playtime_forever': 42925, 'playtime_last_two_weeks': 1546, 'playtime_at_review': 4401, 'last_played': 1680263738}",schinese,"外挂没有母亲，这是很难过的一件事情，但是他的父亲是谁，我们一无所知，毕竟每个人都有可能是他的父亲。
外掛沒有母親，這是很難過的一件事情，但是他的父親是誰，我們一無所知，畢竟每個人都有可能是他的父親。
プラグインのない母親がいるのは悲しいことですが、父親が誰なのかわかりません。
It is a sad thing to have a mother without a plug-in, but we do n’t know who his father is. After all, everyone can be his father.
C'est triste d'avoir une mère sans plug-in, mais on ne sait pas qui est son père, après tout, tout le monde peut être son père.
Грустно иметь мать без плагина, но мы не знаем, кто его отец. Ведь каждый может быть его отцом.
Es ist traurig, eine Mutter ohne Plug-In zu haben, aber wir wissen nicht, wer sein Vater ist. Schließlich kann jeder sein Vater sein.
plug-in မပါသောမိခင်တစ် ဦး ရှိခြင်းသည်ဝမ်းနည်းဖွယ်ကောင်းသော်လည်းသူ၏ဖခင်သည်မည်သူမည်ဝါဖြစ်ကြောင်းကျွန်ုပ်တို့မသိပါ။
Είναι λυπηρό να έχουμε μια μητέρα χωρίς προσθήκη, αλλά δεν ξέρουμε ποιος είναι ο πατέρας του. Εξάλλου, όλοι μπορούν να είναι ο πατέρας του.",1668496888,1668496888,True,1875,429,0.983934283256530762,33,True,False,False,True,
4,118315694,"{'steamid': '76561199246810186', 'num_games_owned': 77, 'num_reviews': 4, 'playtime_forever': 57924, 'playtime_last_two_weeks': 482, 'playtime_at_review': 20898, 'last_played': 1679766812}",schinese,"“妈妈从小告诉我不能作弊”

“但是直到长大后我才明白”

“很多孩子从小就没有妈妈”

“不知为何他们如此的可怜”

“因为他们也同样没有父亲”",1657104133,1657104133,True,1651,370,0.983814716339111328,16,True,False,False,False,
5,119121311,"{'steamid': '76561199184699897', 'num_games_owned': 11, 'num_reviews': 4, 'playtime_forever': 23266, 'playtime_last_two_weeks': 0, 'playtime_at_review': 7796, 'last_played': 1678628751}",schinese,"外挂没有母亲，这是很难过的一件事情，但是他的父亲是谁，我们一无所知，毕竟每个人都有可能是他的父亲。
外掛沒有母親，這是很難過的一件事情，但是他的父親是誰，我們一無所知，畢竟每個人都有可能是他的父親。
プラグインのない母親がいるのは悲しいことですが、父親が誰なのかわかりません。
It is a sad thing to have a mother without a plug-in, but we do n’t know who his father is. After all, everyone can be his father.
C'est triste d'avoir une mère sans plug-in, mais on ne sait pas qui est son père, après tout, tout le monde peut être son père.
Грустно иметь мать без плагина, но мы не знаем, кто его отец. Ведь каждый может быть его отцом.
Es ist traurig, eine Mutter ohne Plug-In zu haben, aber wir wissen nicht, wer sein Vater ist. Schließlich kann jeder sein Vater sein.
plug-in မပါသောမိခင်တစ် ဦး ရှိခြင်းသည်ဝမ်းနည်းဖွယ်ကောင်းသော်လည်းသူ၏ဖခင်သည်မည်သူမည်ဝါဖြစ်ကြောင်းကျွန်ုပ်တို့မသိပါ။
Είναι λυπηρό να έχουμε μια μητέρα χωρίς προσθήκη, αλλά δεν ξέρουμε ποιος είναι ο πατέρας του. Εξάλλου, όλοι μπορούν να είναι ο πατέρας του.",1658301215,1658301215,True,1107,359,0.983336269855499268,15,True,False,False,False,
6,120813092,"{'steamid': '76561199265886791', 'num_games_owned': 7, 'num_reviews': 2, 'playtime_forever': 22985, 'playtime_last_two_weeks': 0, 'playtime_at_review': 19183, 'last_played': 1666364508}",schinese,"外挂没有母亲，这是很难过的一件事情，但是他的父亲是谁，我们一无所知，毕竟每个人都有可能是他的父亲。
外掛沒有母親，這是很難過的一件事情，但是他的父親是誰，我們一無所知，畢竟每個人都有可能是他的父親。
プラグインのない母親がいるのは悲しいことですが、父親が誰なのかわかりません。
It is a sad thing to have a mother without a plug-in, but we do n’t know who his father is. After all, everyone can be his father.
C'est triste d'avoir une mère sans plug-in, mais on ne sait pas qui est son père, après tout, tout le monde peut être son père.
Грустно иметь мать без плагина, но мы не знаем, кто его отец. Ведь каждый может быть его отцом.
Es ist traurig, eine Mutter ohne Plug-In zu haben, aber wir wissen nicht, wer sein Vater ist. Schließlich kann jeder sein Vater sein.
plug-in မပါသောမိခင်တစ် ဦး ရှိခြင်းသည်ဝမ်းနည်းဖွယ်ကောင်းသော်လည်းသူ၏ဖခင်သည်မည်သူမည်ဝါဖြစ်ကြောင်းကျွန်ုပ်တို့မသိပါ။
Είναι λυπηρό να έχουμε μια μητέρα χωρίς προσθήκη, αλλά δεν ξέρουμε ποιος είναι ο πατέρας του. Εξάλλου, όλοι μπορούν να είναι ο πατέρας του.",1660788593,1660788593,True,1140,309,0.982941269874572754,0,False,False,False,False,
7,114007769,"{'steamid': '76561199245514199', 'num_games_owned': 18, 'num_reviews': 3, 'playtime_forever': 43275, 'playtime_last_two_weeks': 1389, 'playtime_at_review': 4555, 'last_played': 1680269277}",schinese,"外挂没有母亲，这是很难过的一件事情，但是他的父亲是谁，我们一无所知，毕竟每个人都有可能是他的父亲。
外掛沒有母親，這是很難過的一件事情，但是他的父親是誰，我們一無所知，畢竟每個人都有可能是他的父親。
プラグインの母親がないのは悲しいことですが,父親が誰なのかわかりません,誰もが父親であるかも知れない。
It is a sad thing to have a mother without a plug-in, but we do n’t know who his father is. After all, everyone can be his father.
C'est triste d'avoir une mère sans plug-in, mais on ne sait pas qui est son père, après tout, tout le monde peut être son père.
Грустно иметь мать без плагина, но мы не знаем, кто его отец. Ведь каждый может быть его отцом.
Es ist traurig, eine Mutter ohne Plug-In zu haben, aber wir wissen nicht, wer sein Vater ist. Schließlich kann jeder sein Vater sein.
plug-in မပါသောမိခင်တစ် ဦး ရှိခြင်းသည်ဝမ်းနည်းဖွယ်ကောင်းသော်လည်းသူ၏ဖခင်သည်မည်သူမည်ဝါဖြစ်ကြောင်းကျွန်ုပ်တို့မသိပါ။
Είναι λυπηρό να έχουμε μια μητέρα χωρίς προσθήκη, αλλά δεν ξέρουμε ποιος είναι ο πατέρας του. Εξάλλου, όλοι μπορούν να είναι ο πατέρας του.",1650202639,1651633447,True,1095,306,0.981153368949890137,17,True,False,False,False,
8,123234294,"{'steamid': '76561198854364056', 'num_games_owned': 35, 'num_reviews': 1, 'playtime_forever': 60692, 'playtime_last_two_weeks': 297, 'playtime_at_review': 54442, 'last_played': 1680275508}",schinese,"在这里我想说一些东西，如果你玩的久了，你就会发现有人会主动加你，如果他的等级很高，且没和你打过游戏，他希望你可以帮助中国战队投票，那么恭喜你，你即将被骗。
这是发生在我们生活中的事实，一些繁体名字和他们死板的话语是拙劣的演技，如果他说会随机发一点小物品，请不要心动，请不要心动，请不要心动。
如果你注册了账户，投了票，马上就会显示，你的账户将在1小时后冻结，你慌忙的点开你的库存，发现你的库存跑到了别人的仓库，恭喜你，被骗了！
通常在你的留言板下回留下，加我哥们这些话。
如果你库存很多，且没有这种情况，最有效的方法是不要开着库存。
有兴趣的可以了解一下api劫持。
现在网络诈骗众多，希望各网友可以擦亮慧眼，看到转发，谢谢。(转发自别人）
",1664728245,1664728245,True,1009,28,0.980756044387817383,2,False,False,False,True,
9,116903251,"{'steamid': '76561199104598610', 'num_games_owned': 68, 'num_reviews': 2, 'playtime_forever': 36998, 'playtime_last_two_weeks': 1, 'playtime_at_review': 12076, 'last_played': 1679594619}",schinese,一开始我以为这是个免费游戏，直到我看见队友的刀会转……,1655091039,1655091039,True,891,289,0.979406893253326416,7,True,False,False,False,
10,113277313,"{'steamid': '76561199018356050', 'num_games_owned': 14, 'num_reviews': 1, 'playtime_forever': 17993, 'playtime_last_two_weeks': 0, 'playtime_at_review': 17638, 'last_played': 1660915767}",schinese,"忠告
别碰饰品，别碰箱子，别碰挂",1648991047,1677719955,True,3292,156,0.979181110858917236,67,False,False,False,False,
11,116209580,"{'steamid': '76561197976673043', 'num_games_owned': 33, 'num_reviews': 1, 'playtime_forever': 30206, 'playtime_last_two_weeks': 1, 'playtime_at_review': 2869, 'last_played': 1679582002}",schinese,"外挂没有母亲，这是很难过的一件事情，但是他的父亲是谁，我们一无所知，毕竟每个人都有可能是他的父亲。
外掛沒有母親，這是很難過的一件事情，但是他的父親是誰，我們一無所知，畢竟每個人都有可能是他的父親。
プラグインのない母親がいるのは悲しいことですが、父親が誰なのかわかりません。
It is a sad thing to have a mother without a plug-in, but we do n’t know who his father is. After all, everyone can be his father.
C'est triste d'avoir une mère sans plug-in, mais on ne sait pas qui est son père, après tout, tout le monde peut être son père.
Грустно иметь мать без плагина, но мы не знаем, кто его отец. Ведь каждый может быть его отцом.
Es ist traurig, eine Mutter ohne Plug-In zu haben, aber wir wissen nicht, wer sein Vater ist. Schließlich kann jeder sein Vater sein.
plug-in မပါသောမိခင်တစ် ဦး ရှိခြင်းသည်ဝမ်းနည်းဖွယ်ကောင်းသော်လည်းသူ၏ဖခင်သည်မည်သူမည်ဝါဖြစ်ကြောင်းကျွန်ုပ်တို့မသိပါ။
Είναι λυπηρό να έχουμε μια μητέρα χωρίς προσθήκη, αλλά δεν ξέρουμε ποιος είναι ο πατέρας του. Εξάλλου, όλοι μπορούν να είναι ο πατέρας του.",1653852677,1653852677,True,991,310,0.978250086307525635,4,True,True,False,False,
12,119420606,"{'steamid': '76561198420528795', 'num_games_owned': 5, 'num_reviews': 2, 'playtime_forever': 344, 'playtime_last_two_weeks': 0, 'playtime_at_review': 108, 'last_played': 1676820044}",schinese,"准备购买CSGO的同学要注意下面几点！
1：最好别碰箱子【这种比运气的东西就跟赌博一样，一开根本停不下来，除非你认为你自己是个欧洲人，不然最好别去碰箱子，安安心心的去买皮肤吧！】
2：升级经验是固定的，不管你是多少级，升级都是固定的5000点。每周升级都可以随机获得一个喷漆【有次数限制】或者一把皮肤枪，不过基本都不值钱，每周只能获得一次。40级满级后可以转生，回到1级，同时会送你一个今年的服役勋章，比如你17年满级转生，就送你17年的服役勋章，简单来说这勋章就是拿来好看的。
3：平衡性，不用我说了，皮肤没有任何属性加成，所以不用担心遇到什么人名币战士。
4：CT和T都有自己阵营的特色武器，比如CT的M4A1，T的AK47。【说这个就是想吐槽我有一个萌新朋友抓着我问为什么CT买不了AK47，T买不了M4A1。说实话我可以笑他一年，23333】
5：现在到了2级就能打竞技了，并且定级赛并不是让你定级打10把，而是让你赢10把，赢了10把才算定级完成。每赢2把会冻结你的竞技模式，无法打竞技，这是以你赢的两把的战绩还有之前输的几把比赛帮你测评你的水平，冻结时间结束后才能继续打竞技。定级完成后你才可以随心所欲的打竞技了！
6：一定要小心一些陌生人，有些心怀不轨的人会加你好友给你发链接，这个时候别去点链接，也别信那些人说的我用XXX元买你刀啊皮肤之类的，这些家伙们都不是什么好人。【提这个是因为在贴吧里不止一次看到有人被骗了。】
7：现在CSGO分两种服务器，国服和国际服，国服目前在18号前没有激活码是没法玩的，激活码自己去百度搜索CSGO完美官网去抢，国服和谐有点严重，血变成石油了，恐怖份子变成了****和谐符号等等。对于国际服玩家，VPN的话我比较建议网易UU和奇游。国际服玩家想转国服的话，跟DOTA2转国服一样，鼠标右键游戏点击属性，在属性页面选择【设置启动选项】，在启动选项中输入—perfectworld steam，确定，然后就可以玩国服了，不过国际服玩家没有激活码也是没办法在18号前进行匹配的。[10.2]这次CSGO更新后，好像打开游戏是让我们自行选择哪个服务器，可以选择国服也可以选择国际服，如果有什么遗漏的欢迎留言补充，这也是我最后一次更新评测了吧。
8:[8.5]最近V社在封中国饰品网机器人，导致中国玩家损失惨重，所以第八条建议，最好是等这次风波过后再用。还是那句话，理性消费才是关键。
最近混了混饰品交易网，饰品交易网主要还是看信誉，不清楚的萌新可以去问问百度贴吧的老哥们，饰品交易网最深的坑就是类似于赌博性质的“抽奖”，这抽奖很容易亏钱，相信有些氪金老哥很清楚的，交易网用来提现或者买枪都可以，但是我不建议去花钱“抽奖”，非常坑，真的非常坑。【7.30】因为某饰品交易网的事情搞得很多人被坑，因为我早就不玩饰品了，就不予评价，不过不是这次事件，某网的黑点也够多的，比如以前被串号转库存这些事情不少有，不过这次更新不说这个，这次我想教下萌新们安全地卖皮肤：去百度贴吧，饰品交易吧把你想要卖的饰品信息挂到贴吧里，跟别人谈价，等确定买家之后走饰品网，挂好饰品后把信息告诉买家，让他买。注意一点，这个是最重点的，无论什么情况，所有交易必须都是走饰品交易网，若他非要不用交易网和你进行交易的话，请不要跟他浪费时间，这种饰品交易不走交易网还会去市场？这种人不走交易网就是想坑走你的饰品，那种“买家”会要你去其他什么狗P网站交易，然后再申诉把钱拿回来，走饰品交易网至少不会被骗，目前由于某网出了这么大的事情，肯定有萌新在思考用什么交易网，因为我出了饰品坑所以也不好说哪些，但是我们有万能的百度贴吧老哥们，萌新可以去问CSGO吧的兄弟们什么交易网可靠，记得没错的话，好像置顶帖就有教的，然后饰品交易过程，最好是越短越好，所以要先找到买家再去挂饰品交易网，十几块的皮肤不需要用我这个，但是几百块以上的最好要先找到买家，再直接挂交易网，这次某网事件我就不说什么了，最后给各位萌新留一个提醒：饰品是个大坑，切勿沉迷饰品，别因为一时冲动，吃半月尘土。
9：国服出了后，为了少点萌新被骗，我给第6条补充一下，先说说目前骗子骗人的骗法吧，基本上想买你的刀或者找你打联赛的，全都是骗子。有人以前好奇，说为什么不能点链接，我就给你们讲讲吧，这是库存链接，对于绑了手机安全令牌的还好，没绑的绝对会出事，它会把你所有库存交易给对方，手机还好可以确认是否交易，但是没绑手机令牌的同学就惨了。然后别以为有手机安全令牌就可以随便浪了，有些黑客早已经弄了个盗号网站，等着你浪呢。目前骗子最喜欢用的手法是打联赛缺人来骗你，因为是机器人自动发话，我就给你们讲讲骗子一般怎么骗人的吧。
骗子：我们联赛缺一个人，你打什么位置？
萌新：？？？
骗子：行，我知道了，你加下我们领队，她会告诉你更多。XXXX【这是库存交易链接】
这时候，只需要删除好友即可，别想着去调戏，这是电脑人不会回复你的。
------------分割线------------
准备购买CSGO的同学要注意下面几点！
1：最好别碰箱子【这种比运气的东西就跟赌博一样，一开根本停不下来，除非你认为你自己是个欧洲人，不然最好别去碰箱子，安安心心的去买皮肤吧！】
2：升级经验是固定的，不管你是多少级，升级都是固定的5000点。每周升级都可以随机获得一个喷漆【有次数限制】或者一把皮肤枪，不过基本都不值钱，每周只能获得一次。40级满级后可以转生，回到1级，同时会送你一个今年的服役勋章，比如你17年满级转生，就送你17年的服役勋章，简单来说这勋章就是拿来好看的。
3：平衡性，不用我说了，皮肤没有任何属性加成，所以不用担心遇到什么人名币战士。
4：CT和T都有自己阵营的特色武器，比如CT的M4A1，T的AK47。【说这个就是想吐槽我有一个萌新朋友抓着我问为什么CT买不了AK47，T买不了M4A1。说实话我可以笑他一年，23333】
5：现在到了2级就能打竞技了，并且定级赛并不是让你定级打10把，而是让你赢10把，赢了10把才算定级完成。每赢2把会冻结你的竞技模式，无法打竞技，这是以你赢的两把的战绩还有之前输的几把比赛帮你测评你的水平，冻结时间结束后才能继续打竞技。定级完成后你才可以随心所欲的打竞技了！
6：一定要小心一些陌生人，有些心怀不轨的人会加你好友给你发链接，这个时候别去点链接，也别信那些人说的我用XXX元买你刀啊皮肤之类的，这些家伙们都不是什么好人。【提这个是因为在贴吧里不止一次看到有人被骗了。】
7：现在CSGO分两种服务器，国服和国际服，国服目前在18号前没有激活码是没法玩的，激活码自己去百度搜索CSGO完美官网去抢，国服和谐有点严重，血变成石油了，恐怖份子变成了****和谐符号等等。对于国际服玩家，VPN的话我比较建议网易UU和奇游。国际服玩家想转国服的话，跟DOTA2转国服一样，鼠标右键游戏点击属性，在属性页面选择【设置启动选项】，在启动选项中输入—perfectworld steam，确定，然后就可以玩国服了，不过国际服玩家没有激活码也是没办法在18号前进行匹配的。[10.2]这次CSGO更新后，好像打开游戏是让我们自行选择哪个服务器，可以选择国服也可以选择国际服，如果有什么遗漏的欢迎留言补充，这也是我最后一次更新评测了吧。
8:[8.5]最近V社在封中国饰品网机器人，导致中国玩家损失惨重，所以第八条建议，最好是等这次风波过后再用。还是那句话，理性消费才是关键。
最近混了混饰品交易网，饰品交易网主要还是看信誉，不清楚的萌新可以去问问百度贴吧的老哥们，饰品交易网最深的坑就是类似于赌博性质的“抽奖”，这抽奖很容易亏钱，相信有些氪金老哥很清楚的，交易网用来提现或者买枪都可以，但是我不建议去花钱“抽奖”，非常坑，真的非常坑。【7.30】因为某饰品交易网的事情搞得很多人被坑，因为我早就不玩饰品了，就不予评价，不过不是这次事件，某网的黑点也够多的，比如以前被串号转库存这些事情不少有，不过这次更新不说这个，这次我想教下萌新们安全地卖皮肤：去百度贴吧，饰品交易吧把你想要卖的饰品信息挂到贴吧里，跟别人谈价，等确定买家之后走饰品网，挂好饰品后把信息告诉买家，让他买。注意一点，这个是最重点的，无论什么情况，所有交易必须都是走饰品交易网，若他非要不用交易网和你进行交易的话，请不要跟他浪费时间，这种饰品交易不走交易网还会去市场？这种人不走交易网就是想坑走你的饰品，那种“买家”会要你去其他什么狗P网站交易，然后再申诉把钱拿回来，走饰品交易网至少不会被骗，目前由于某网出了这么大的事情，肯定有萌新在思考用什么交易网，因为我出了饰品坑所以也不好说哪些，但是我们有万能的百度贴吧老哥们，萌新可以去问CSGO吧的兄弟们什么交易网可靠，记得没错的话，好像置顶帖就有教的，然后饰品交易过程，最好是越短越好，所以要先找到买家再去挂饰品交易网，十几块的皮肤不需要用我这个，但是几百块以上的最好要先找到买家，再直接挂交易网，这次某网事件我就不说什么了，最后给各位萌新留一个提醒：饰品是个大坑，切勿沉迷饰品，别因为一时冲动，吃半月尘土。
9：国服出了后，为了少点萌新被骗，我给第6条补充一下，先说说目前骗子骗人的骗法吧，基本上想买你的刀或者找你打联赛的，全都是骗子。有人以前好奇，说为什么不能点链接，我就给你们讲讲吧，这是库存链接，对于绑了手机安全令牌的还好，没绑的绝对会出事，它会把你所有库存交易给对方，手机还好可以确认是否交易，但是没绑手机令牌的同学就惨了。然后别以为有手机安全令牌就可以随便浪了，有些黑客早已经弄了个盗号网站，等着你浪呢。目前骗子最喜欢用的手法是打联赛缺人来骗你，因为是机器人自动发话，我就给你们讲讲骗子一般怎么骗人的吧。
骗子：我们联赛缺一个人，你打什么位置？
萌新：？？？
骗子：行，我知道了，你加下我们领队，她会告诉你更多。XXXX【这是库存交易链接】
这时候，只需要删除好友即可，别想着去调戏，这是电脑人不会回复你的。",1658717993,1658717993,True,1970,105,0.97824549674987793,0,False,False,False,False,
13,116515226,"{'steamid': '76561199245025349', 'num_games_owned': 21, 'num_reviews': 1, 'playtime_forever': 10056, 'playtime_last_two_weeks': 1, 'playtime_at_review': 3574, 'last_played': 1679715837}",schinese,今天第一次捡到龙狙截屏，真tm开心，祝看到这篇评测小哥哥牛子长5cm，小姐姐🐻大一圈,1654421515,1654421515,True,2593,401,0.977602362632751465,15,True,False,False,False,
14,114657756,"{'steamid': '76561199074316576', 'num_games_owned': 68, 'num_reviews': 3, 'playtime_forever': 38566, 'playtime_last_two_weeks': 610, 'playtime_at_review': 10369, 'last_played': 1679751086}",schinese,"外挂没有母亲，这是很难过的一件事情，但是他的父亲是谁，我们一无所知，毕竟每个人都有可能是他的父亲。
外掛沒有母親，這是很難過的一件事情，但是他的父親是誰，我們一無所知，畢竟每個人都有可能是他的父親。
プラグインのない母親がいるのは悲しいことですが、父親が誰なのかわかりません。
It is a sad thing to have a mother without a plug-in, but we do n’t know who his father is. After all, everyone can be his father.
C'est triste d'avoir une mère sans plug-in, mais on ne sait pas qui est son père, après tout, tout le monde peut être son père.
Грустно иметь мать без плагина, но мы не знаем, кто его отец. Ведь каждый может быть его отцом.
Es ist traurig, eine Mutter ohne Plug-In zu haben, aber wir wissen nicht, wer sein Vater ist. Schließlich kann jeder sein Vater sein.
plug-in မပါသောမိခင်တစ် ဦး ရှိခြင်းသည်ဝမ်းနည်းဖွယ်ကောင်းသော်လည်းသူ၏ဖခင်သည်မည်သူမည်ဝါဖြစ်ကြောင်းကျွန်ုပ်တို့မသိပါ။
Είναι λυπηρό να έχουμε μια μητέρα χωρίς προσθήκη, αλλά δεν ξέρουμε ποιος είναι ο πατέρας του. Εξάλλου, όλοι μπορούν να είναι ο πατέρας του.
",1651228288,1651228288,True,812,249,0.977207601070404053,0,False,False,False,False,
15,115340999,"{'steamid': '76561199157643729', 'num_games_owned': 9, 'num_reviews': 2, 'playtime_forever': 52875, 'playtime_last_two_weeks': 0, 'playtime_at_review': 27089, 'last_played': 1675579607}",schinese,太好玩了我一直以为他是免费的，直到我发现别人的刀会转,1652357327,1652357327,True,717,239,0.975889384746551514,16,True,False,False,False,
16,122924749,"{'steamid': '76561198442965276', 'num_games_owned': 120, 'num_reviews': 4, 'playtime_forever': 7243, 'playtime_last_two_weeks': 0, 'playtime_at_review': 7243, 'last_played': 1658836383}",schinese,"懒得换号了，就拿这个号说吧。cs:go打了几千个小时了，可以说它就是我的第二条命。很奇怪，就算是高三的时候上网被我爸妈揍我都没戒掉游戏，现在因为一个人戒掉了。我家很穷啊，虽然养我有余但是多了一个她哦，她还想要女儿诶。她是一个很好的女孩子，我真的的不想让她失望了。人总得赌一次，这次我带上所有的希望，家产，那些从小学到大的礼仪，看的那些书，画过的画以及所有的兴趣爱好和与人交流的能力来赌她会爱我一辈子。我爱她，我总得试试。
再见咯，csgo，我真的逃避了太久了。
人生哪有不青山，江湖再见
对了，她叫刘亦菲，跟明星同名，还是个小笨蛋，等我和她结婚了我会回来的，到时候给你们发喜糖吃。
aconative于2022年九月二十八日留",1664299569,1664299569,True,5301,739,0.975243449211120605,0,False,False,False,True,
17,119750265,"{'steamid': '76561199044392466', 'num_games_owned': 29, 'num_reviews': 8, 'playtime_forever': 127518, 'playtime_last_two_weeks': 1006, 'playtime_at_review': 103425, 'last_played': 1679810155}",schinese,"外挂没有母亲，这是很难过的一件事情，但是他的父亲是谁，我们一无所知，毕竟每个人都有可能是他的父亲。
外掛沒有母親，這是很難過的一件事情，但是他的父親是誰，我們一無所知，畢竟每個人都有可能是他的父親。
プラグインのない母親がいるのは悲しいことですが、父親が誰なのかわかりません。
It is a sad thing to have a mother without a plug-in, but we do n’t know who his father is. After all, everyone can be his father.
C'est triste d'avoir une mère sans plug-in, mais on ne sait pas qui est son père, après tout, tout le monde peut être son père.
Грустно иметь мать без плагина, но мы не знаем, кто его отец. Ведь каждый может быть его отцом.
Es ist traurig, eine Mutter ohne Plug-In zu haben, aber wir wissen nicht, wer sein Vater ist. Schließlich kann jeder sein Vater sein.
plug-in မပါသောမိခင်တစ် ဦး ရှိခြင်းသည်ဝမ်းနည်းဖွယ်ကောင်းသော်လည်းသူ၏ဖခင်သည်မည်သူမည်ဝါဖြစ်ကြောင်းကျွန်ုပ်တို့မသိပါ။
Είναι λυπηρό να έχουμε μια μητέρα χωρίς προσθήκη, αλλά δεν ξέρουμε ποιος είναι ο πατέρας του. Εξάλλου, όλοι μπορούν να είναι ο πατέρας του.",1659172031,1659172031,True,676,242,0.973254203796386719,1,False,False,False,False,
18,131335918,"{'steamid': '76561198388416030', 'num_games_owned': 1, 'num_reviews': 1, 'playtime_forever': 484863, 'playtime_last_two_weeks': 18537, 'playtime_at_review': 436409, 'last_played': 1680286898}",english,"Your team in every random competitive game:

- You
- Russian Guy
- Another Russian Guy
- A 6 year old kid who slept with your mother
- Russian Guy who speaks English

10/10",1674392512,1674814908,True,2498,725,0.970382392406463623,132,True,False,False,True,
19,128894961,"{'steamid': '76561199261498722', 'num_games_owned': 4, 'num_reviews': 2, 'playtime_forever': 4071, 'playtime_last_two_weeks': 0, 'playtime_at_review': 2768, 'last_played': 1675672520}",schinese,今天是牛子节，如果你看到了这篇评论并点赞，牛子精灵会在你睡着时偷偷给你的牛子加长5cm，并且将上一个逼着你点赞的人的牛子变短5cm,1671518627,1671518627,True,5989,471,0.9686279296875,97,False,True,False,True,
20,117788384,"{'steamid': '76561198158022300', 'num_games_owned': 258, 'num_reviews': 33, 'playtime_forever': 1254, 'playtime_last_two_weeks': 0, 'playtime_at_review': 1254, 'last_played': 1567873215}",english,This community is so nice i got a lot of tips on how to uninstall the game and kill myself,1656419938,1656419938,True,1347,826,0.968568384647369385,0,False,False,False,False,
21,117989845,"{'steamid': '76561199140768503', 'num_games_owned': 20, 'num_reviews': 1, 'playtime_forever': 27114, 'playtime_last_two_weeks': 428, 'playtime_at_review': 13164, 'last_played': 1680274781}",schinese,远离开箱，健康身心,1656676659,1656676659,True,634,109,0.968335807323455811,1,True,False,False,False,
22,115765074,"{'steamid': '76561199209750006', 'num_games_owned': 1030, 'num_reviews': 15, 'playtime_forever': 66102, 'playtime_last_two_weeks': 0, 'playtime_at_review': 23268, 'last_played': 1676349987}",schinese,"“妈妈从小告诉我不能作弊”

“但是直到长大后我才明白”

“很多孩子从小就没有妈妈”

“不知为何他们如此的可怜”

“因为他们也同样没有父亲”",1653101885,1655775630,True,735,143,0.967378914356231689,1,True,False,False,False,
23,128469788,"{'steamid': '76561199263557003', 'num_games_owned': 36, 'num_reviews': 7, 'playtime_forever': 45255, 'playtime_last_two_weeks': 773, 'playtime_at_review': 23308, 'last_played': 1679811452}",schinese,"外挂没有母亲，这是很难过的一件事情，但是他的父亲是谁，我们一无所知，毕竟每个人都有可能是他的父亲。
外掛沒有母親，這是很難過的一件事情，但是他的父親是誰，我們一無所知，畢竟每個人都有可能是他的父親。
プラグインのない母親がいるのは悲しいことですが、父親が誰なのかわかりません。
It is a sad thing to have a mother without a plug-in, but we do n’t know who his father is. After all, everyone can be his father.
C'est triste d'avoir une mère sans plug-in, mais on ne sait pas qui est son père, après tout, tout le monde peut être son père.
Грустно иметь мать без плагина, но мы не знаем, кто его отец. Ведь каждый может быть его отцом.
Es ist traurig, eine Mutter ohne Plug-In zu haben, aber wir wissen nicht, wer sein Vater ist. Schließlich kann jeder sein Vater sein.
plug-in မပါသောမိခင်တစ် ဦး ရှိခြင်းသည်ဝမ်းနည်းဖွယ်ကောင်းသော်လည်းသူ၏ဖခင်သည်မည်သူမည်ဝါဖြစ်ကြောင်းကျွန်ုပ်တို့မသိပါ။
Είναι λυπηρό να έχουμε μια μητέρα χωρίς προσθήκη, αλλά δεν ξέρουμε ποιος είναι ο πατέρας του. Εξάλλου, όλοι μπορούν να είναι ο πατέρας του.",1670913800,1670913800,False,1045,276,0.967258155345916748,6,False,False,False,True,
24,124066896,"{'steamid': '76561198036073172', 'num_games_owned': 323, 'num_reviews': 5, 'playtime_forever': 10366, 'playtime_last_two_weeks': 0, 'playtime_at_review': 8458, 'last_played': 1678222306}",english,This community is so nice i got a lot of tips on how to uninstall the game and kill myself,1666180148,1666180148,True,995,660,0.966157972812652588,0,False,False,False,True,
25,116281965,"{'steamid': '76561198833950874', 'num_games_owned': 53, 'num_reviews': 1, 'playtime_forever': 93192, 'playtime_last_two_weeks': 9, 'playtime_at_review': 65470, 'last_played': 1679715487}",schinese,下载只需十分钟，却要一生去精通,1653994081,1653994081,True,615,58,0.965787231922149658,5,False,False,False,False,
26,134688086,"{'steamid': '76561199484699870', 'num_games_owned': 4, 'num_reviews': 8, 'playtime_forever': 500, 'playtime_last_two_weeks': 304, 'playtime_at_review': 196, 'last_played': 1679368580}",english,">see a guy
>shoot him
>miss every shot
>he turns around
>kills me in one shot
>exit cs:go

10/10",1678861918,1678861918,True,1780,598,0.965330421924591064,40,False,False,False,True,
27,134650749,"{'steamid': '76561198326980655', 'num_games_owned': 150, 'num_reviews': 5, 'playtime_forever': 152413, 'playtime_last_two_weeks': 4277, 'playtime_at_review': 147632, 'last_played': 1680273436}",schinese,"2460个小时，你明明能用这些时间来好好读些书，去健身房强健体魄，去和喜欢的女孩子看电影，哪怕是和哥们儿出门喝个烂醉。
但是你选择了在家里打CSGO，聚精会神的和另外9个基佬在一个地图里相互射击，对着屏幕时而傻笑，时而专注紧张的你，却不曾对这2460个小时有一丝后悔。
在这个充斥着作弊者，装逼犯的垃圾游戏环境下，不顺心的bad games让你一度想着“再打这个游戏我他妈就是狗”。然而每当你忙完一天的工作，打开电脑，登陆STEAM，看着几位每天陪伴你的战友给你发来的PM，你便会又一次的热血沸腾起来！
你不得不承认，你爱这款游戏，他已经成为了你生活的一部分。",1678803899,1678869588,True,707,74,0.963792741298675537,0,False,False,False,True,
28,122366143,"{'steamid': '76561199283179113', 'num_games_owned': 4, 'num_reviews': 1, 'playtime_forever': 23846, 'playtime_last_two_weeks': 0, 'playtime_at_review': 19781, 'last_played': 1668821749}",schinese,太好玩辣！队友刀会转，敌人人会转！,1663407955,1663407955,True,566,248,0.963517367839813232,0,True,False,False,False,辽宁
29,117759337,"{'steamid': '76561198199937634', 'num_games_owned': 36, 'num_reviews': 1, 'playtime_forever': 94494, 'playtime_last_two_weeks': 1, 'playtime_at_review': 82835, 'last_played': 1679686836}",schinese,"外挂没有母亲，这是很难过的一件事情，但是他的父亲是谁，我们一无所知，毕竟每个人都有可能是他的父亲。
外掛沒有母親，這是很難過的一件事情，但是他的父親是誰，我們一無所知，畢竟每個人都有可能是他的父親。
プラグインのない母親がいるのは悲しいことですが、父親が誰なのかわかりません。
It is a sad thing to have a mother without a plug-in, but we do n’t know who his father is. After all, everyone can be his father.
C'est triste d'avoir une mère sans plug-in, mais on ne sait pas qui est son père, après tout, tout le monde peut être son père.
Грустно иметь мать без плагина, но мы не знаем, кто его отец. Ведь каждый может быть его отцом.
Es ist traurig, eine Mutter ohne Plug-In zu haben, aber wir wissen nicht, wer sein Vater ist. Schließlich kann jeder sein Vater sein.
plug-in မပါသောမိခင်တစ် ဦး ရှိခြင်းသည်ဝမ်းနည်းဖွယ်ကောင်းသော်လည်းသူ၏ဖခင်သည်မည်သူမည်ဝါဖြစ်ကြောင်းကျွန်ုပ်တို့မသိပါ။
Είναι λυπηρό να έχουμε μια μητέρα χωρίς προσθήκη, αλλά δεν ξέρουμε ποιος είναι ο πατέρας του. Εξάλλου, όλοι μπορούν να είναι ο πατέρας του.",1656376534,1656376534,True,539,162,0.962548136711120605,0,True,False,False,False,
30,131856841,"{'steamid': '76561199098384231', 'num_games_owned': 11, 'num_reviews': 1, 'playtime_forever': 58601, 'playtime_last_two_weeks': 72, 'playtime_at_review': 57609, 'last_played': 1679811882}",schinese,"懒得换号了，就拿这个号说吧，csgo打了将近1000小时了，可以说他是我的的二条命，很奇怪，就算高三的时候上网我爸妈揍我都没戒掉游戏，现在因为一个人戒掉了，我家也算不上特别有钱，虽然养我有余，但是多了一个她诶，她是一个很好的女孩子，我真的不想让她失望了，人总得赌一次，这次我带上所有希望，家产，那些从小到大的礼仪，看得那些书，画过的画以及所有兴趣和与人交流的能力来赌她会爱我一辈子，我爱她，总得试试咯。
再见了csgo，我真的很爱她
人生何处不青山，江湖见
对了，她叫黄颖，是个小笨蛋，等我跟她结婚了我会回来的，到时候给你们发喜糖吃
于2023.1.30留",1675065554,1675065554,True,3382,405,0.96193087100982666,118,False,True,False,True,
31,118107949,"{'steamid': '76561199115691314', 'num_games_owned': 41, 'num_reviews': 1, 'playtime_forever': 59958, 'playtime_last_two_weeks': 38, 'playtime_at_review': 39314, 'last_played': 1680242694}",schinese,在网吧和好哥们，在宿舍和室友们一起打csgo，无论是碾压还是坐牢，这些日子无疑是人生中最美好的回忆之一，以后和生活对位的时候会把库存清空，只留一个《有为青年》的音乐盒，它上面的MVP次数会记录着现在的我，也希望以后我也真的会成为一个有为青年,1656825327,1656825327,True,357,31,0.959329664707183838,0,False,False,False,False,
32,118372241,"{'steamid': '76561198259056637', 'num_games_owned': 21, 'num_reviews': 13, 'playtime_forever': 89314, 'playtime_last_two_weeks': 12, 'playtime_at_review': 87608, 'last_played': 1680286914}",russian,"Кратко о системе званий:
• Вы слили три игры подряд? - Понижение.
• Вы выиграли семь игр подряд, а затем слили игру? - Понижение.
• Ничья? - Понижение.
• Вам попались ♥♥♥♥♥♥♥♥♥♥ы в команду? - Понижение.
• Ваши друзья думают, что вы шутите о новой системе рангов? - Понижение.
• Вас кикнули? - Бан и понижение.
• Вам что-то не нравится? - Понижение.
• Вы не открываете кейсы? - Понижение.
• Вы зарегистрированы в Origin? - Понижение.
• Вы выиграли пятнадцать игр подряд? - Кхм... Нууу... Мы подождём, пока вы проиграете.
• Вы проиграли? - Понижение.
• Вам выпал нож? - Понижение.
• Вам не выпал нож? - Понижение.
• Вам НРАВИТСЯ новая система рангов? - Прекрасно, понижение вам тоже понравится.
• Вы не заходите в игру? - Понижение.
• Вы заходите в игру? - Держите худших тиммейтов придурков и понижение.
• Зачем? - Понижение.
• Понижение? - Понижение.
• Повышение? - Понижение.

11/10 по шкале слива рангов.",1657178712,1657178712,True,698,273,0.958188831806182861,72,False,False,False,False,
33,122214686,"{'steamid': '76561198396265969', 'num_games_owned': 4, 'num_reviews': 1, 'playtime_forever': 94919, 'playtime_last_two_weeks': 3064, 'playtime_at_review': 85193, 'last_played': 1680261210}",schinese,赶紧把花脸音乐盒的mvp改成唢呐！！！,1663130204,1663130204,True,1407,81,0.957182109355926514,0,False,False,False,True,
34,130355072,"{'steamid': '76561199080189887', 'num_games_owned': 9, 'num_reviews': 1, 'playtime_forever': 20761, 'playtime_last_two_weeks': 501, 'playtime_at_review': 14542, 'last_played': 1679162465}",schinese,之前买了一些饰品一些刀玩，现在我母亲生病了，我想把这些卖掉，尽自己的一份孝心，可是无良骗子骗走了我一把4000元的m9刺刀暗金自动化名称“1000-7”，我真的感到很无助，不知道该怎么办了，我心里很难过，兄弟们能帮我想想办法帮帮我吗？感谢！（下面是详细经过：骗子在完美上说想买我的刀，然后我们就加了QQ，他说走悠悠有品的私人交易还有补贴，我便同意了，他将钱付给平台后，没有发送报价，这时他用小号向我发送了报价，我第一次用这个平台也不清楚，便发给了他，然后他就跑路把我拉黑了，我的心一片死灰，这是我辛辛苦苦挣的钱！这是我母亲的药钱！这是我的钱！我的东西！，他动动手耍耍嘴就抢走了！希望兄弟们看到后也有个心眼！千万不要相信私下交易！不要随便点链接！愿csgo充满绿色！这些骗子不得好死！我现在真的彻夜不眠，心里有苦说不出！唉！兄弟们一定不要被骗！骗子真的丧尽天良！）,1673103564,1673103564,True,885,91,0.956512153148651123,19,False,False,False,True,
35,124590953,"{'steamid': '76561199268058582', 'num_games_owned': 11, 'num_reviews': 4, 'playtime_forever': 29457, 'playtime_last_two_weeks': 0, 'playtime_at_review': 12760, 'last_played': 1668493458}",english,"Feels like an abusive realationship. Hate it while you're in it, but miss it when you're gone!",1667049969,1667049969,True,585,163,0.95648658275604248,24,False,True,False,True,
36,129926030,"{'steamid': '76561199395551072', 'num_games_owned': 6, 'num_reviews': 1, 'playtime_forever': 22677, 'playtime_last_two_weeks': 2717, 'playtime_at_review': 4890, 'last_played': 1680262244}",schinese,赞我有猫娘撅,1672651209,1672651209,True,2209,111,0.956421554088592529,22,False,True,False,True,
37,125809039,"{'steamid': '76561199005144813', 'num_games_owned': 70, 'num_reviews': 1, 'playtime_forever': 84550, 'playtime_last_two_weeks': 1083, 'playtime_at_review': 72506, 'last_played': 1680277092}",schinese,"外挂没有母亲，这是很难过的一件事情，但是他的父亲是谁，我们一无所知，毕竟每个人都有可能是他的父亲。
外掛沒有母親，這是很難過的一件事情，但是他的父親是誰，我們一無所知，畢竟每個人都有可能是他的父親。
プラグインのない母親がいるのは悲しいことですが、父親が誰なのかわかりません。
It is a sad thing to have a mother without a plug-in, but we do n’t know who his father is. After all, everyone can be his father.
C'est triste d'avoir une mère sans plug-in, mais on ne sait pas qui est son père, après tout, tout le monde peut être son père.
Грустно иметь мать без плагина, но мы не знаем, кто его отец. Ведь каждый может быть его отцом.
Es ist traurig, eine Mutter ohne Plug-In zu haben, aber wir wissen nicht, wer sein Vater ist. Schließlich kann jeder sein Vater sein.
plug-in မပါသောမိခင်တစ် ဦး ရှိခြင်းသည်ဝမ်းနည်းဖွယ်ကောင်းသော်လည်းသူ၏ဖခင်သည်မည်သူမည်ဝါဖြစ်ကြောင်းကျွန်ုပ်တို့မသိပါ။
Είναι λυπηρό να έχουμε μια μητέρα χωρίς προσθήκη, αλλά δεν ξέρουμε ποιος είναι ο πατέρας του. Εξάλλου, όλοι μπορούν να είναι ο πατέρας του.",1668939127,1668939127,True,355,92,0.956174194812774658,0,False,False,False,True,
38,127605525,"{'steamid': '76561199030967632', 'num_games_owned': 40, 'num_reviews': 4, 'playtime_forever': 79351, 'playtime_last_two_weeks': 975, 'playtime_at_review': 68415, 'last_played': 1680272354}",schinese,"今天是我玩csgo的第1000天，光阴似箭，日月如梭，我的思绪仿佛又回到了自己玩csgo的第一天，那时候的我刚刚接触这款游戏，对于游戏的操作一概不知，我清晰的记得我在我在运河水城这张地图上玩的第一把游戏，也清晰的记得第一次被电，第一次击杀，第一次偷包，第一次起连狙被喷…后来我玩的时间长了，也学会了更多的游戏技巧，我订阅了aimbot开始疯一般练枪法，练急停，练道具，在游戏的过程中痛并快乐着。后来我迷上了比赛，回首从以前的比赛开始看：我窥见了a队王朝的没落，cncs的崛起和低谷，21年nvai一年八冠的雄风，22年银河战舰的起航，vp从低谷一路走来的血雨腥风…
很庆幸我现在仍然百分百的热爱着这款承载了我青春三载的游戏，但可能对我来说他已经不止是一个游戏。我相信十年之后，甚至二十年之后，我仍然可以自豪的说，csgo不是一款游戏，而是我的青春和生活。我很喜欢steam老哥们说的一句话，一个游戏下载只需要十分钟，而精通它需要我们一生的忠诚。
今当不离，临表涕零，不知所言。",1669778239,1669778239,True,586,43,0.955069541931152344,10,False,False,False,True,
39,131945240,"{'steamid': '76561199441507957', 'num_games_owned': 3, 'num_reviews': 1, 'playtime_forever': 8087, 'playtime_last_two_weeks': 1134, 'playtime_at_review': 3247, 'last_played': 1680284726}",schinese,别碰箱子,1675177085,1675177085,True,360,24,0.954852104187011719,0,True,False,False,False,辽宁
40,120864975,"{'steamid': '76561198856272659', 'num_games_owned': 96, 'num_reviews': 11, 'playtime_forever': 53020, 'playtime_last_two_weeks': 13, 'playtime_at_review': 49945, 'last_played': 1679830710}",schinese,"在这里养了一只猫猫，路过的朋友可以摸摸她一赞摸一次
　　　　 　　 ＿＿
　　　 　　／＞　　フ
　　　 　　| 　_　 _ l
　 　　 　／` ミ＿xノ
　　 　 /　　　 　 |
　　　 /　 ヽ　　 ﾉ
　 　 │　　|　|　|
　／￣|　　 |　|　|
　| (￣ヽ＿_ヽ_)__)
　＼二つ ​",1660878403,1660878403,True,2406,189,0.954321026802062988,6,False,False,False,False,
41,132960449,"{'steamid': '76561199015051551', 'num_games_owned': 44, 'num_reviews': 3, 'playtime_forever': 3417, 'playtime_last_two_weeks': 1454, 'playtime_at_review': 246, 'last_played': 1680255869}",schinese,"暂停一下，我是来提醒你别忘了去做你妈妈嘱咐你要做的事，例如把冰箱里的肉拿出来解冻，煮饭，晾衣服，关火之类的 
还有作业妹写的赶紧写，电充满了拔插头，炒完菜记得关煤气，别刷太久贴吧了记得起来运动运动 
最近天气变化大，多穿点衣服多喝温水
记得好好休息，别让家里人担心",1676544883,1676544883,True,643,52,0.954079568386077881,6,False,False,False,True,
42,134019791,"{'steamid': '76561198963834283', 'num_games_owned': 334, 'num_reviews': 5, 'playtime_forever': 121422, 'playtime_last_two_weeks': 556, 'playtime_at_review': 120446, 'last_played': 1680149160}",brazilian,"Perdi minha namorada, minha vida, oportunidades de emprego, vida social, para jogar com velhos rabugentos, kids chõroes e adolescentes com hack. Hoje em dia minha família acha que eu sou retardado por causa desse jogo 

muito bom 10/10",1677903489,1677903489,True,262,133,0.952636420726776123,0,False,False,False,True,
43,128768466,"{'steamid': '76561199155078163', 'num_games_owned': 27, 'num_reviews': 3, 'playtime_forever': 141037, 'playtime_last_two_weeks': 6926, 'playtime_at_review': 116406, 'last_played': 1680201358}",schinese,陪我兄弟玩的，他很喜欢这个游戏，而我不一样，我很喜欢他。,1671334053,1671334053,True,921,406,0.951964199542999268,5,True,False,False,True,
44,131809380,"{'steamid': '76561198974838527', 'num_games_owned': 34, 'num_reviews': 20, 'playtime_forever': 180871, 'playtime_last_two_weeks': 0, 'playtime_at_review': 169486, 'last_played': 1676530721}",schinese,"“2千多小时，你明明能用这些时间来好好读些书，去健身房强健体魄，去和喜欢的女孩子看电影，哪怕是和哥们儿出门喝个烂醉。但是你选择打CSGO，聚精会神的和另外9个基佬在一个地图里相互射击，对着屏幕时而傻笑，时而专注紧张的你，却不曾对这2千多小时有一丝后悔。在这个充斥着作弊者，装逼犯的垃圾游戏环境下，不顺心的 bad games让你一度想着“再打这个游戏我他妈就是狗”。然而每当你忙完一天的工
作，打开电脑，登陆STEAM，看着几位每天陪伴你的战友给你发来的PM，你便会又一次的热血沸腾起来!你不得不承认，你爱这款游戏，他已经成为了你生活的一部分。”",1675005753,1675005826,True,437,47,0.951343774795532227,0,True,True,False,True,
45,119504989,"{'steamid': '76561199060610803', 'num_games_owned': 31, 'num_reviews': 5, 'playtime_forever': 37273, 'playtime_last_two_weeks': 98, 'playtime_at_review': 18724, 'last_played': 1680258823}",schinese,i3-2348M+2G内存（现在加成4G了）+480P分辨率+全低画质  竞技遇到人个位数帧数 看墙二十帧不到 挺到了现在 就问还有谁！！！！！！！！！,1658839048,1658839048,True,419,183,0.951067090034484863,14,True,False,False,False,
46,129352118,"{'steamid': '76561199029152536', 'num_games_owned': 25, 'num_reviews': 2, 'playtime_forever': 28078, 'playtime_last_two_weeks': 1404, 'playtime_at_review': 16407, 'last_played': 1680278750}",schinese,别碰箱子，你以为一个钥匙17，不其实是30,1672075081,1672075081,True,336,34,0.950456440448760986,0,False,False,False,False,广东
47,114490530,"{'steamid': '76561197987036833', 'num_games_owned': 75, 'num_reviews': 8, 'playtime_forever': 13716, 'playtime_last_two_weeks': 0, 'playtime_at_review': 13716, 'last_played': 1671308347}",brazilian,"⢀⡴⠑⡄⠀⠀⠀⠀⠀⠀⠀⣀⣀⣤⣤⣤⣀⡀⠀⠀⠀⠀⠀⠀⠀⠀⠀⠀⠀⠀
⠸⡇⠀⠿⡀⠀⠀⠀⣀⡴⢿⣿⣿⣿⣿⣿⣿⣿⣷⣦⡀⠀⠀⠀⠀⠀⠀⠀⠀⠀
⠀⠀⠀⠀⠑⢄⣠⠾⠁⣀⣄⡈⠙⣿⣿⣿⣿⣿⣿⣿⣿⣆⠀⠀⠀⠀⠀⠀⠀⠀
⠀⠀⠀⠀⢀⡀⠁⠀⠀⠈⠙⠛⠂⠈⣿⣿⣿⣿⣿⠿⡿⢿⣆⠀⠀⠀⠀⠀⠀⠀
⠀⠀⠀⢀⡾⣁⣀⠀⠴⠂⠙⣗⡀⠀⢻⣿⣿⠭⢤⣴⣦⣤⣹⠀⠀⠀⢀⢴⣶⣆
⠀⠀⢀⣾⣿⣿⣿⣷⣮⣽⣾⣿⣥⣴⣿⣿⡿⢂⠔⢚⡿⢿⣿⣦⣴⣾⠁⠸⣼⡿
⠀⢀⡞⠁⠙⠻⠿⠟⠉⠀⠛⢹⣿⣿⣿⣿⣿⣌⢤⣼⣿⣾⣿⡟⠉⠀⠀⠀⠀⠀
⠀⣾⣷⣶⠇⠀⠀⣤⣄⣀⡀⠈⠻⣿⣿⣿⣿⣿⣿⣿⣿⣿⣿⡇⠀⠀⠀⠀⠀⠀
⠀⠉⠈⠉⠀⠀⢦⡈⢻⣿⣿⣿⣶⣶⣶⣶⣤⣽⡹⣿⣿⣿⣿⡇⠀⠀⠀⠀⠀⠀
⠀⠀⠀⠀⠀⠀⠀⠉⠲⣽⡻⢿⣿⣿⣿⣿⣿⣿⣷⣜⣿⣿⣿⡇⠀⠀⠀⠀⠀⠀
⠀⠀⠀⠀⠀⠀⠀⠀⢸⣿⣿⣷⣶⣮⣭⣽⣿⣿⣿⣿⣿⣿⣿⠀⠀⠀⠀⠀⠀⠀
⠀⠀⠀⠀⠀⠀⣀⣀⣈⣿⣿⣿⣿⣿⣿⣿⣿⣿⣿⣿⣿⣿⠇⠀É BOM PÓ, COMPRA.⠀⠀⠀⠀
⠀⠀⠀⠀⠀⠀⢿⣿⣿⣿⣿⣿⣿⣿⣿⣿⣿⣿⣿⣿⣿⠃⠀⠀⠀⠀⠀⠀⠀⠀
⠀⠀⠀⠀⠀⠀⠀⠹⣿⣿⣿⣿⣿⣿⣿⣿⣿⣿⡿⠟⠁⠀⠀⠀⠀⠀⠀⠀⠀⠀
⠀⠀⠀⠀⠀⠀⠀⠀⠀⠉⠛⠻⠿⠿⠿⠿⠛⠉",1650947515,1673555937,True,188,12,0.950452744960784912,3,True,False,False,False,
48,129922264,"{'steamid': '76561199022786909', 'num_games_owned': 76, 'num_reviews': 21, 'playtime_forever': 41873, 'playtime_last_two_weeks': 969, 'playtime_at_review': 37701, 'last_played': 1680164084}",english,"""sometimes maybe good, sometimes maybe sh1t""",1672646658,1672646746,True,392,75,0.95025634765625,0,True,False,False,True,
49,134202797,"{'steamid': '76561199401205946', 'num_games_owned': 5, 'num_reviews': 1, 'playtime_forever': 6392, 'playtime_last_two_weeks': 339, 'playtime_at_review': 5883, 'last_played': 1679958683}",ukrainian,"мені подобається вбивати людей, особливо, якщо це росіянин",1678134404,1678134404,True,299,21,0.949319660663604736,0,False,True,False,True,
50,115590858,"{'steamid': '76561199008223386', 'num_games_owned': 19, 'num_reviews': 3, 'playtime_forever': 28950, 'playtime_last_two_weeks': 2130, 'playtime_at_review': 21397, 'last_played': 1680278102}",russian,"Здесь очень хорошие игроки. Они с уважением относятся к вашим родственникам. Узнал много интересного про своих родителей. Мне кажется, что все 4 тиммейта любят мою маму больше чем я сам. Иногда попадаются люди с проблемами позвоночника. Им приходится смотреть вниз при этом бегать по карте. Конечно они раздают фраги жёстко, но мне всё равно жалко таких людей-инвалидов которые родились с заболеванием позвоночника. Бывает, в катку закинет человека, который способен чувствовать противника через стены. Недолго думая мой тиммейт тоже решил овладеть такой способностью. Какая-то Битва Экстрасенсов получается. За эти 355 часов проведённых в этой замечательной игре я пополнил свой словарный запас матами на 100 томов. Ещё здесь можно встретить успешных самцов, которые переспали со всеми мамами света.",1652792181,1652792181,True,510,291,0.949074327945709229,0,True,False,False,False,
51,128078352,"{'steamid': '76561199092254399', 'num_games_owned': 2, 'num_reviews': 4, 'playtime_forever': 78413, 'playtime_last_two_weeks': 11, 'playtime_at_review': 58680, 'last_played': 1679547212}",schinese,我以为这是个免费游戏，直到我看到了队友的蝴蝶刀。,1670380684,1670402612,True,326,95,0.948382377624511719,0,True,False,False,False,河北
52,115713390,"{'steamid': '76561198129190545', 'num_games_owned': 110, 'num_reviews': 44, 'playtime_forever': 63902, 'playtime_last_two_weeks': 0, 'playtime_at_review': 63902, 'last_played': 1653008562}",english,"Your team in every random competitive game:

- You
- Russian Guy
- Another Russian Guy
- A 6 year old kid who slept with your mother
- Russian Guy who speaks English

10/10",1653008610,1653008610,True,777,442,0.947793185710906982,31,False,False,False,False,
53,124578739,"{'steamid': '76561199400170231', 'num_games_owned': 4, 'num_reviews': 1, 'playtime_forever': 39138, 'playtime_last_two_weeks': 2051, 'playtime_at_review': 275, 'last_played': 1680218481}",russian,Лучший способ лишиться анальной девственности,1667034680,1667034680,True,652,127,0.947741270065307617,0,False,False,False,True,
54,126664449,"{'steamid': '76561198866971227', 'num_games_owned': 29, 'num_reviews': 5, 'playtime_forever': 55501, 'playtime_last_two_weeks': 0, 'playtime_at_review': 55451, 'last_played': 1674297124}",russian,"Жена сказала, если тут будет 1000 пальцев вверх и 100 наград то мне ящик пива купит.
Всем хорошего приятного времяпровождения. А теперь обзор Counter-Strike: Global Offensive. Эта игра восхитительна! Господа очень вежливые, вежливо расскажут и покажут как пойти на детородный орган, как меня лошади сношали, что мой отчим делал со мной в детстве.
Я очень рад что в этой великолепной и не разу не токсичной игре есть высококвалифицированные специалисты которые продиагностируют тебя и выявят все ваши недуги и болячки, даже если вы не просили.(Видимо очень беспокоются)
И боже мой.. Я даже не знал что моя матушка знаменитость! Чуть ли не из уст каждого я слышу какая она прекрасная!
Так же я завёл себе новых друзей которые очень настойчиво хотели приехать ко мне в город и показать мне на сколько прекрасен лес и хотели научить меня пользоваться лопатой. Видимо грибники.
Люди здесь очень добрые и понимающие. И как говорится ""людям ошибаться свойственно"" но вы видимо не человек а даже ЛУЧШЕ, так как если вы ""совершите ошибку"" то вас ждут бурные эмоции и овации от союзников, и желание встретиться с вами и вашей матушкой(да она у меня на расхват) видимо чтобы пожать вам руку.
Я даже потерял счёт сколько у меня на самом деле матерей. То я сын унитаза, подъезда, кролика, собаки, куртизанки, пробирки, выхухоля, клоуна, и даже табуретки.(Я даже не знал что у меня столько матерей, но благодаря обществу Counter-Strike: Global Offensive, я смог найти их. Спасибо вам!)",1669313452,1672245451,True,830,101,0.945202171802520752,33,False,False,False,True,
55,115106742,"{'steamid': '76561198387717415', 'num_games_owned': 25, 'num_reviews': 1, 'playtime_forever': 109329, 'playtime_last_two_weeks': 543, 'playtime_at_review': 87793, 'last_played': 1680262854}",schinese,"外挂没有母亲，这是很难过的一件事情，但是他的父亲是谁，我们一无所知，毕竟每个人都有可能是他的父亲。
外掛沒有母親，這是很難過的一件事情，但是他的父親是誰，我們一無所知，畢竟每個人都有可能是他的父親。
プラグインのない母親がいるのは悲しいことですが、父親が誰なのかわかりません。
It is a sad thing to have a mother without a plug-in, but we do n’t know who his father is. After all, everyone can be his father.
C'est triste d'avoir une mère sans plug-in, mais on ne sait pas qui est son père, après tout, tout le monde peut être son père.
Грустно иметь мать без плагина, но мы не знаем, кто его отец. Ведь каждый может быть его отцом.
Es ist traurig, eine Mutter ohne Plug-In zu haben, aber wir wissen nicht, wer sein Vater ist. Schließlich kann jeder sein Vater sein.
plug-in မပါသောမိခင်တစ် ဦး ရှိခြင်းသည်ဝမ်းနည်းဖွယ်ကောင်းသော်လည်းသူ၏ဖခင်သည်မည်သူမည်ဝါဖြစ်ကြောင်းကျွန်ုပ်တို့မသိပါ။
Είναι λυπηρό να έχουμε μια μητέρα χωρίς προσθήκη, αλλά δεν ξέρουμε ποιος είναι ο πατέρας του. Εξάλλου, όλοι μπορούν να είναι ο πατέρας του.",1651945572,1651945572,True,322,78,0.944704830646514893,10,False,False,False,False,
56,131235953,"{'steamid': '76561199374078451', 'num_games_owned': 8, 'num_reviews': 1, 'playtime_forever': 9642, 'playtime_last_two_weeks': 158, 'playtime_at_review': 5619, 'last_played': 1680098383}",schinese,别碰箱子会变得不幸，你以为一个钥匙只要17？？？？不是30，是剩下的13，剩下的9块,1674256731,1674256731,True,234,28,0.944411873817443848,0,True,False,False,False,未知
57,125568758,"{'steamid': '76561198983544366', 'num_games_owned': 20, 'num_reviews': 2, 'playtime_forever': 37810, 'playtime_last_two_weeks': 61, 'playtime_at_review': 28776, 'last_played': 1680242546}",schinese,"这里养了一只kun kun 路过的ikun可以过来摸赞一次
⠀⠀⠀ ⠰⢷⢿⠄
⠀⠀⠀⠀⠀⣼⣷⣄
⠀⠀⣤⣿⣇⣿⣿⣧⣿⡄
⢴⠾⠋⠀⠀⠻⣿⣷⣿⣿⡀
⠀ ⢀⣿⣿⡿⢿⠈⣿
⠀⠀⠀⢠⣿⡿⠁⠀⡊⠀⠙
⠀⠀⠀⢿⣿⠀⠀⠹⣿
⠀⠀⠀⠀⠹⣷⡀⠀⣿⡄
⠀⠀⠀⠀⣀⣼⣿⠀⢈⣧",1668601230,1668601230,True,1092,226,0.944192588329315186,0,False,False,False,True,
58,123310760,"{'steamid': '76561198973956265', 'num_games_owned': 16, 'num_reviews': 10, 'playtime_forever': 75805, 'playtime_last_two_weeks': 683, 'playtime_at_review': 75135, 'last_played': 1680290625}",schinese,医生明天去看，我打算看完走的，突然想起来了游戏csgo，我和你说过的，我打了这个游戏算上其他号的话也有2000小时了，它陪着我走过一年又一年，还记得那年跨年我一个人在房间里面打游戏，听着队友的说跨年咯，心中不知为何有点孤独，我在这个游戏里面一直都是一个人玩，还记得吗，那天我听到你说要陪着我跨年，的眼泪止不住的流下来，这是幸福的眼泪吗？现在我想是的，现在仔细想想有你陪着我真好，可是因为我的懦弱和不成熟弄丢你了，我真的真的好想好想好想你啊，我当初因为这个游戏走出来了，是我的救赎，把我想死的念头打消了，那时候我就觉得游戏的意义非凡，但是和你一起的时候放假老是玩，导致冷落了你，不知道为什么这一次，我动都不想动一下这个游戏，我想着像我上次一样那样子走出来，可是我玩的时候莫名其妙会哭，我已经很久很久没玩了，很奇怪啊，我居然戒掉了我最喜欢的游戏，那我的救赎到底在哪呢，我真的很爱逃避吧，一次又一次伤害了你，我尝试过很多次去面对，一次又一次的失败，一次又一次浮现你厌恶我的情景，真的是受不了，为什么这狗屁的回忆一直在我脑海里面挥之不去呢，要是人能像电脑的回收站一样想删除什么就删除什么就好了，这样我们两个人就可以互不打扰继续自己的新生活了，和我在一起肯定不开心吧，和他一起肯定很开心吧，那就祝福你们两个人。我这个人和和我一起的经历都忘记了吧，再见咯，我也苦苦支撑了很久了吧，我不想继续着每天吃药过下去的无趣烦躁生活了，葯有副作用好恶心，而且葯真的不便宜，我妈妈还有病要花好多钱，我爸压力也很大我不想这样子了，我尽我努力了，我不想再给他们添麻烦了，和你说过的明明什么都懂但是没办法释怀的感觉，真的很难受把我杀了都难受，头一次觉得活着比死着累，我真的很脆弱不成熟自私吗？,1664835308,1664835308,True,382,24,0.943938255310058594,22,False,False,False,True,
59,128525402,"{'steamid': '76561199417232504', 'num_games_owned': 4, 'num_reviews': 1, 'playtime_forever': 34383, 'playtime_last_two_weeks': 124, 'playtime_at_review': 8509, 'last_played': 1679890370}",schinese,以前我有毒瘾，家里人劝不动我，后面表弟给我推荐了这个游戏，玩了两小时毒瘾就戒了，一天不玩比死了都难受，现在家里人都劝我回去吸毒,1670992489,1670992489,True,490,298,0.942735970020294189,0,False,False,False,True,
60,132697656,"{'steamid': '76561199395367272', 'num_games_owned': 9, 'num_reviews': 3, 'playtime_forever': 35902, 'playtime_last_two_weeks': 1272, 'playtime_at_review': 30988, 'last_played': 1679758762}",schinese,请奖励这条评论，我还差2000点去买那些骚逼头像和背景，给我点赞牛子精灵会让你增长1cm，奖励我的人牛子增长10cm，谁会不想要一根长钢筋呢？,1676200695,1676200695,True,1686,115,0.942434489727020264,0,True,True,False,True,
61,121261574,"{'steamid': '76561198816984010', 'num_games_owned': 46, 'num_reviews': 4, 'playtime_forever': 192112, 'playtime_last_two_weeks': 961, 'playtime_at_review': 174329, 'last_played': 1680286142}",schinese,"女孩为了考验男孩
写了张纸条放在桌子上
说要出差几天
女孩把纸条放在桌子上后
躲在了沙发后面
男孩起床后，走到客厅
看到了那张桌上的纸条
男孩看完纸条上写的
一脸兴奋
男孩很不屑的扔下纸条
随后拨通了一个电话
男:喂，亲爱的，在哪
老地方见，等我哦
女孩看着男孩脸上
洋溢着满满的幸福
心里很不是滋味
男孩挂掉电话，哼着歌
换好衣服，打扮了一下
就出门了
女孩顿时心里像针扎一样
眼泪忍不住流下来
眼泪掉在地板上的声音
是那么清晰
女孩晃晃悠悠的站起来
锥心的痛充斥着心里
说不出来
突然女孩的短信铃声响起
打断了女孩的思绪
女孩拿起手机
看到这样一条短信
傻瓜，下次躲好一点
我都看到你的头了
我出去买你喜欢吃的东西
等下回来
你在家乖乖等我
女孩幸福的笑了
眼中又闪出了点点泪光
那是幸福的泪光

女孩突然想起来男孩是玩csgo的！
只有玩csgo的男生才有这么高的觉悟！《csgo》是由v社研发的第一人称射击游戏，游为大家呈现了完美射击效果游戏新境界。 皮肤精美，效果绚丽，玩家待人热情友善，有细致入微的洞察力以及超前的反应能力，主狙断后的男生沉着冷静，有准确的判断力，主ak.m4的男生谨慎细致，有超强的行动力，而主冲锋枪拉枪线的男生能时刻给予你无微不至的关怀，安全感爆表！选择csgo，选择成功！",1661512222,1661512222,True,627,356,0.942274391651153564,7,False,False,False,True,
62,124586338,"{'steamid': '76561199211077902', 'num_games_owned': 19, 'num_reviews': 4, 'playtime_forever': 24476, 'playtime_last_two_weeks': 4585, 'playtime_at_review': 9886, 'last_played': 1680274261}",schinese,"我在这里养了一只大屁股，路过的男朋友可以摸一摸，一个赞摸一次！
⠄⠄⣿⣿⣿⣿⠘⡿⢛⣿⣿⣿⣿⣿⣧⢻⣿⣿⠃⠸⣿⣿⣿⠄⠄⠄⠄⠄
⠄⠄⣿⣿⣿⣿⢀⠼⣛⣛⣭⢭⣟⣛⣛⣛⠿⠿⢆⡠⢿⣿⣿⠄⠄⠄⠄⠄
⠄⠄⠸⣿⣿⢣⢶⣟⣿⣖⣿⣷⣻⣮⡿⣽⣿⣻⣖⣶⣤⣭⡉⠄⠄⠄⠄⠄
⠄⠄⠄⢹⠣⣛⣣⣭⣭⣭⣁⡛⠻⢽⣿⣿⣿⣿⢻⣿⣿⣿⣽⡧⡄⠄⠄⠄
⠄⠄⠄⠄⣼⣿⣿⣿⣿⣿⣿⣿⣿⣶⣌⡛⢿⣽⢘⣿⣷⣿⡻⠏⣛⣀⠄⠄
⠄⠄⠄⣼⣿⣿⣿⣿⣿⣿⣿⣿⣿⣿⣿⣿⣦⠙⡅⣿⠚⣡⣴⣿⣿⣿⡆⠄
⠄⠄⣰⣿⣿⣿⣿⣿⣿⣿⣿⣿⣿⣿⣿⣿⣿⣷⠄⣱⣾⣿⣿⣿⣿⣿⣿⠄
⠄⢀⣿⣿⣿⣿⣿⣿⣿⣿⣿⣿⣿⣿⣿⣿⣿⣿⢸⣿⣿⣿⣿⣿⣿⣿⣿⠄
⠄⣸⣿⣿⣿⣿⣿⣿⣿⣿⣿⣿⣿⣿⣿⣿⡿⠣⣿⣿⣿⣿⣿⣿⣿⣿⣿⠄
⠄⣿⣿⣿⣿⣿⣿⣿⣿⣿⣿⣿⣿⣿⠿⠛⠑⣿⣮⣝⣛⠿⠿⣿⣿⣿⣿⠄
⢠⣿⣿⣿⣿⣿⣿⣿⣿⣿⣿⣿⣶⠄⠄⠄⠄⣿⣿⣿⣿⣿⣿⣿⣿⣿⡟⠄",1667044294,1667044294,True,2662,366,0.941643595695495605,0,True,False,False,True,
63,117775261,"{'steamid': '76561199022517955', 'num_games_owned': 7, 'num_reviews': 2, 'playtime_forever': 33874, 'playtime_last_two_weeks': 0, 'playtime_at_review': 30381, 'last_played': 1659332562}",russian,"Итак, что же такое CS GO?

- CS GO это когда раскраски оружия стоят дороже крутых игровых девайсов.
- CS GO это когда ты обязан дропнуть свой красивый калаш всей команде.
- CS GO это когда открываешь 20 сундуков и получаешь 20 кусков синего г**на.
- CS GO это когда тебя добавляют школьники и предлагают over 9000 сундуков в обмен на твой нож.
- CS GO это когда тебя добавляет школьник и начинает выпрашивать в подарок шмотку ценой в 3500 рублей, приводя при этом аргумент ""да ты ж богатый, что тебе стоит!"".
- CS GO это когда тебе по 10 раз в день присылают ссылки на трояны в надежде обчистить твой инвентарь.
- CS GO это когда тебя выгоняют только потому что ты Русский.
- CS GO это когда ты спалил свой стул после игры в соревновательном режиме.
- CS GO это когда ""глобалы"" создают по 10 аккаунтов и получают удовлетворение, играя против ""калашей"".
- CS GO это когда ты Russian Noob, если остался против пятерых, убил четверых но не добил пятого.
- CS GO это когда ты Russian Noob при счете 21-7-10, а у ближайшего тиммейта 8-0-16.
- CS GO это когда ты выучил польский и шведский за одну-две катки.
- CS GO это когда в соревновательном режиме поляков больше, чем в самой Польше.
- CS GO это когда ты в одиночку открываешь А, а бомба уже про***на на Б.
- CS GO это когда на твои советы и вопросы тебе отвечают ""stfu Russian"".
- CS GO это когда про***л три звания за день только из-за того, что каждый раз играешь против ""глобалов"", играющих со второго аккаунта.
- CS GO это когда каждый третий тиммейт - набустенный сильвер.
- CS GO это когда против тебя играет пять ♥♥♥♥♥♥♥♥♥♥ов с АВП.
- CS GO это когда одного ""беркута"" и четырех ""калашей"" кидает против пяти ""супримов"".
- CS GO это когда высаживаешь все 30 патронов в одного ♥♥♥♥♥♥♥♥♥♥а и наносиишь 99 in 7, а тот рандомным выстрелом попадает тебе в голову.
- CS GO это когда VAC показательно банит профессиональных игроков, но не может забанить ♥♥♥♥♥♥♥♥♥♥а, который простреливает всю команду через три стены, имея при этом 2.2 часа в игре.

Кому понравился отзыв поставте палец вверх и напиши чтонибудь в профиле моем ! Спасибо!!!!

Все это CS GO!!! Не Болейте!!!!
",1656401232,1656401232,True,1066,310,0.941297173500061035,1,False,True,False,False,
64,132685074,"{'steamid': '76561198928967663', 'num_games_owned': 2, 'num_reviews': 1, 'playtime_forever': 13476, 'playtime_last_two_weeks': 1440, 'playtime_at_review': 7952, 'last_played': 1680282250}",russian,"Итак, что же такое CS GO?

- CS GO это когда раскраски оружия стоят дороже крутых игровых девайсов.
- CS GO это когда ты обязан дропнуть свой красивый калаш всей команде.
- CS GO это когда открываешь 20 сундуков и получаешь 20 кусков синего г**на.
- CS GO это когда тебя добавляют школьники и предлагают over 9000 сундуков в обмен на твой нож.
- CS GO это когда тебя добавляет школьник и начинает выпрашивать в подарок шмотку ценой в 3500 рублей, приводя при этом аргумент ""да ты ж богатый, что тебе стоит!"".
- CS GO это когда тебе по 10 раз в день присылают ссылки на трояны в надежде обчистить твой инвентарь.
- CS GO это когда тебя выгоняют только потому что ты Русский.
- CS GO это когда ты спалил свой стул после игры в соревновательном режиме.
- CS GO это когда ""глобалы"" создают по 10 аккаунтов и получают удовлетворение, играя против ""калашей"".
- CS GO это когда ты Russian Noob, если остался против пятерых, убил четверых но не добил пятого.
- CS GO это когда ты Russian Noob при счете 21-7-10, а у ближайшего тиммейта 8-0-16.
- CS GO это когда ты выучил польский и шведский за одну-две катки.
- CS GO это когда в соревновательном режиме поляков больше, чем в самой Польше.
- CS GO это когда ты в одиночку открываешь А, а бомба уже про***на на Б.
- CS GO это когда на твои советы и вопросы тебе отвечают ""stfu Russian"".
- CS GO это когда про***л три звания за день только из-за того, что каждый раз играешь против ""глобалов"", играющих со второго аккаунта.
- CS GO это когда каждый третий тиммейт - набустенный сильвер.
- CS GO это когда против тебя играет пять ♥♥♥♥♥♥♥♥♥♥ов с АВП.
- CS GO это когда одного ""беркута"" и четырех ""калашей"" кидает против пяти ""супримов"".
- CS GO это когда высаживаешь все 30 патронов в одного ♥♥♥♥♥♥♥♥♥♥а и наносиишь 99 in 7, а тот рандомным выстрелом попадает тебе в голову.
- CS GO это когда VAC показательно банит профессиональных игроков, но не может забанить ♥♥♥♥♥♥♥♥♥♥а, который простреливает всю команду через три стены, имея при этом 2.2 часа в игре.

Кому понравился отзыв поставте палец вверх и напиши чтонибудь в профиле моем ! Спасибо!!!!

Все это CS GO!!! Не Болейте!!!!
",1676185178,1676185178,True,971,223,0.940719127655029297,88,True,False,False,True,
65,130418904,"{'steamid': '76561199092290146', 'num_games_owned': 47, 'num_reviews': 2, 'playtime_forever': 10004, 'playtime_last_two_weeks': 725, 'playtime_at_review': 6240, 'last_played': 1680287096}",schinese,妈的官方关一下他妈那些约炮发言的一个个他妈几把跑来这里约傻逼啊,1673172340,1673172340,False,777,228,0.940557122230529785,0,True,False,False,True,
66,128716844,"{'steamid': '76561199058573133', 'num_games_owned': 19, 'num_reviews': 6, 'playtime_forever': 4386, 'playtime_last_two_weeks': 577, 'playtime_at_review': 1235, 'last_played': 1680121772}",turkish,ne kadar rus varsa anasını sıkeyım,1671271957,1671271957,True,309,98,0.940557360649108887,16,False,True,False,True,
67,131514340,"{'steamid': '76561199068021754', 'num_games_owned': 80, 'num_reviews': 5, 'playtime_forever': 16108, 'playtime_last_two_weeks': 1574, 'playtime_at_review': 5052, 'last_played': 1680279384}",schinese,"大佬们赏点赞 孩子想要色色的头像 今天什么节日也不是，点赞也不会让你的牛子变长或者变短，也不会让你身高涨三厘米，也不会让你一夜暴富走上人生巅峰
但是请给我steam点数 我想买烧b主题，我虽然不能给予在座各位什么，但是我会在冥冥中祝福你们！",1674638856,1674638856,True,933,106,0.939908087253570557,0,True,False,False,True,
68,125101873,"{'steamid': '76561199182482865', 'num_games_owned': 12, 'num_reviews': 4, 'playtime_forever': 22701, 'playtime_last_two_weeks': 566, 'playtime_at_review': 4821, 'last_played': 1680270461}",schinese,"我是一个新手，说菜也没有那么菜，至少还是有fps基础的，我以前还没有碰过压力怪，今天我见着了，手枪局看队友死了踢队友，对吧，搞得跟踢了队友就能赢似的，队友对枪死了怪队友没补枪，你狠你自己为什么没对过啊，tmd我真是服了，我就是专门负责补枪位的，队友要的是互相激励，压力怪说白了就是内讧的，自己菜别怪队友阿！队友残局了还在指挥队友，tm有本事你自己来阿！影响别人心情，别人老外虽然说话难听，骂的难听，但是起码不会给你压力，你表现的好他们也是会夸你的，中国csgo玩家群体，我不知道怎么说，林子大了什么鸟都有，他给别人压力我就觉得我不见得他在现实中是个多么有素质的人，但凡是学生一类的玩家，情商高一点的玩家，怎么说也不会骂队友或者无辜踢人吧，我真是很可怜那些压力怪，他们在现实生活里面是如此的落魄才会在游戏里面发火，这只是游戏，输了又怎样，踢人的更可恶，你手枪局踢人是什么意思啊？踢掉了有什么用，我是忠心建议官方把踢人系统改一下，只有伤害队友，辱骂队友的时候可以踢。
浅薄的建议：
1.优先级玩几把休闲再考虑买不买
2.平民玩家箱子最好卖出去，尽量不要开，会上瘾。【还好我后来自制力比较强】（有点钱的当我没说）
3.tab+鼠标右键可以举报+和屏蔽压力怪的狗叫
4.喜欢什么枪皮去buff和steam上面买，自己开有点划不来（除非是刀）
5.这游戏对新手不是很友好，
6.见人不要慌，入坑时步枪尽量点射，你就赌敌人枪法菜
7.狂牙大行动新手不要去碰【被暴虐】
8.比赛代币\通行证不要盲目购买，这些东西仅供纪念
9.可以尝试跟毛子讲中式英语
为了避免成为下一个压力怪，最后说明：这只是游戏！这只是游戏！
                                                               这只是游戏！这只是游戏！
                                                               这只是游戏！这只是游戏！
这只是游戏，不是生活，竞技模式排位不是你的命，不要把负面情绪带进来，不要因为竞技时队友的菜而踢掉别人，多加包容，如果是因为菜或者不小心误伤时踢队友，我都会默默地按下F2，希望更多的玩家按下F2。
那些官匹开呱的不多，小心误封解不开
优先级不是匹配速度更快，而是让你玩的相对更舒服，优先级如果是以箱子为目的的建议别买",1667829644,1668943052,True,623,49,0.939523577690124512,12,True,False,False,True,
69,118686892,"{'steamid': '76561199347249982', 'num_games_owned': 1, 'num_reviews': 4, 'playtime_forever': 27069, 'playtime_last_two_weeks': 0, 'playtime_at_review': 1462, 'last_played': 1659817683}",english,"After 8 years playing it, I didn't improve my skills in-game.

However, I learned new language skills: now I can curse in Russian and Brazilian Portuguese.

Also, my tolerance level to guttural screams and loud sounds was increased.

Better than any psychiatric therapy. 10/10
",1657621381,1657621381,True,383,159,0.939096808433532715,9,True,False,False,False,
70,132486071,"{'steamid': '76561198143311873', 'num_games_owned': 2122, 'num_reviews': 81, 'playtime_forever': 39596, 'playtime_last_two_weeks': 0, 'playtime_at_review': 34877, 'last_played': 1678183427}",english,"For the optimal experiences play in silver rank.
While playing you may encounter the following :
- russian kids screaming into the mic 
- every racial slur in the book 
- cheaters
- extreme toxicity 
play at your own risk xd",1675972342,1675972342,True,363,128,0.938049793243408203,13,True,False,False,True,
71,120909880,"{'steamid': '76561198888419192', 'num_games_owned': 45, 'num_reviews': 1, 'playtime_forever': 18826, 'playtime_last_two_weeks': 52, 'playtime_at_review': 7946, 'last_played': 1679852923}",english,"Things I gave to Counter-Strike:
1. Money
2. Time
3. Love

Things Counter-Strike gave me:
1. Arthritis
2. Rage
3. Hatred of Russians, Spanish and Russians
4. Broken Keyboard (2)
5. Broken Mouse (3)
6. Immature 12 year olds insulting my mother
7. 9/10 Ready
8. Server Crashes
9. Shit Teammates
10. Competitive Matches
11. ""ez"" Spam
12. Multilingual Cursing
13. Lag
14. Cheaters
15. 64 Tick Servers
16. No skins = you're either a noob or a smurf or a cheater
17. Got A+ on my russian exam

11 / 10 Would play again",1660950193,1660950193,True,740,417,0.937778055667877197,0,False,False,False,False,
72,127731146,"{'steamid': '76561199181915017', 'num_games_owned': 2, 'num_reviews': 1, 'playtime_forever': 76066, 'playtime_last_two_weeks': 116, 'playtime_at_review': 60027, 'last_played': 1680268498}",schinese,CSGO是一款非常棒的游戏，就对我个人而言，它有效的治疗了我的老年痴呆，在这里我遇到了樱岛麻衣，李云龙，熊二，牛爷爷还有刘华强，大家非常友好，跟队友在一起完全没有压力，很轻松，就是对面的朋友很神秘，都没见到他们的人，就把我催眠了，刚走出来没几步就睡着了，治好了我的失眠，这真是一款非常非常非常棒的游戏，1000个小时，治愈一生。,1669948899,1669948899,True,260,114,0.937457740306854248,6,True,False,False,True,
73,117018047,"{'steamid': '76561198978356826', 'num_games_owned': 24, 'num_reviews': 1, 'playtime_forever': 134747, 'playtime_last_two_weeks': 282, 'playtime_at_review': 124987, 'last_played': 1679929397}",schinese,玩了也有2083个小时了，从高一玩到大一，真的是一款很好玩的竞技性游戏，承载了我的高中生涯，真的很好玩，怀念以前疫情的时候练习道具和身法的我，通过ks接触的CS觉得真的太好了，但是此时没了乐趣，是因为当初一起玩的朋友没有继续一起玩了，所以也失去了玩这个游戏的动力，热爱的那股劲已经消散了很多了，相信以后这个游戏会越来越好，各大平台的玩家少开一点挂，祝你也祝我日后的生活越来越好。,1655293011,1655293011,True,244,22,0.937439799308776855,0,False,False,False,False,
74,133367869,"{'steamid': '76561199100372891', 'num_games_owned': 77, 'num_reviews': 2, 'playtime_forever': 177112, 'playtime_last_two_weeks': 3620, 'playtime_at_review': 165728, 'last_played': 1680285062}",russian,"ОЧЕНЬ ИНТЕРЕСНАЯ ИГРА.
Такого разнообразия я ещё никогда не видела.ТОННЫ ОРУЖЭЙШЕН,ПРЕКРАСНАЯ ОПТИМИЗЭЙШН,ЧУДЕСНАЯ ГРАФЭЙШЕН,ЗА ДЕСЯТИЛЕЙШЕН ВИДНО КУЧА НОВЕЙШЕН.

1 катка - В первой же игре встретила дипломированного доктора. Он сразу по своему опыту определил,какой у меня диагноз, а я даже не знала. Он сказал, что это неизлечимо, и я умру через неделю. Первая игра, и сразу встретила умного человека, я была приятно удивлена.

2 катка - Встретила очень, очень далёкого родственника. Он сказал, что каждый день видится с моей мамой, поделился чем они занимаются в свободное время, рассказал, кто мой настоящий отец, а в конце игры пожелал мне счастья и здоровья. Мне всё больше начинает нравится эта игра.

3 катка - Наша команда встретила волшебника. Он всю игру показывал нам фокусы: проходил сквозь стены, угадывал, где мы находимся (причём всегда правильно), а его магическое оружие всегда стреляло в зрачок левого глаза, даже если мы стояли СПИНОЙ. Но и это ещё не всё, он разрушил один устаревший и довольно популярный миф, взорвав нам мозги:
оказывается 6 зарядный револьвер может сделать больше 6 выстрелов (намного больше). В конце игры, мы дружно аплодировали ему стоя, но жаль катка закончилась слишком быстро (мы проиграли), но волшебник обещал вернуться и сказал, что таких, как он очень много, и все они с радостью покажут нам новые фокусы.

4 катка - Встретила каких-то людей, говорящих на странном языке. Они постоянно кричали мне KU..R..WA, я подумала, что это на их языке означает: ""Привет"", поэтому решила с ними поздороваться, но они почему-то обиделись и выгнали меня из игры. Мне дали бан на 7 дней.

ИТОГ: очень разнообразный и интересный контингент, а главное добрый и общительный. Каждая ваша игра будет сказкой, наполненной радугой и единорогами.
ВСЕМ ""РЕКОМЕНДУЮ"" ПРИЯТНЫЕ ЭМОЦИИ ГАРАНТИРОВАНЫ.",1677083668,1677355899,True,643,405,0.937339842319488525,22,True,False,False,True,
75,129159007,"{'steamid': '76561199447309697', 'num_games_owned': 36, 'num_reviews': 18, 'playtime_forever': 26435, 'playtime_last_two_weeks': 1273, 'playtime_at_review': 222, 'last_played': 1680003688}",russian,"Итак, что же такое CS GO?

- CS GO это когда раскраски оружия стоят дороже крутых игровых девайсов.
- CS GO это когда ты обязан дропнуть свой красивый калаш всей команде.
- CS GO это когда открываешь 20 сундуков и получаешь 20 кусков синего г**на.
- CS GO это когда тебя добавляют школьники и предлагают over 9000 сундуков в обмен на твой нож.
- CS GO это когда тебя добавляет школьник и начинает выпрашивать в подарок шмотку ценой в 3500 рублей, приводя при этом аргумент ""да ты ж богатый, что тебе стоит!"".
- CS GO это когда тебе по 10 раз в день присылают ссылки на трояны в надежде обчистить твой инвентарь.
- CS GO это когда тебя выгоняют только потому что ты Русский.
- CS GO это когда ты спалил свой стул после игры в соревновательном режиме.
- CS GO это когда ""глобалы"" создают по 10 аккаунтов и получают удовлетворение, играя против ""калашей"".
- CS GO это когда ты Russian Noob, если остался против пятерых, убил четверых но не добил пятого.
- CS GO это когда ты Russian Noob при счете 21-7-10, а у ближайшего тиммейта 8-0-16.
- CS GO это когда ты выучил польский и шведский за одну-две катки.
- CS GO это когда в соревновательном режиме поляков больше, чем в самой Польше.
- CS GO это когда ты в одиночку открываешь А, а бомба уже про***на на Б.
- CS GO это когда на твои советы и вопросы тебе отвечают ""stfu Russian"".
- CS GO это когда про***л три звания за день только из-за того, что каждый раз играешь против ""глобалов"", играющих со второго аккаунта.
- CS GO это когда каждый третий тиммейт - набустенный сильвер.
- CS GO это когда против тебя играет пять ♥♥♥♥♥♥♥♥♥♥ов с АВП.
- CS GO это когда одного ""беркута"" и четырех ""калашей"" кидает против пяти ""супримов"".
- CS GO это когда высаживаешь все 30 патронов в одного ♥♥♥♥♥♥♥♥♥♥а и наносиишь 99 in 7, а тот рандомным выстрелом попадает тебе в голову.
- CS GO это когда VAC показательно банит профессиональных игроков, но не может забанить ♥♥♥♥♥♥♥♥♥♥а, который простреливает всю команду через три стены, имея при этом 2.2 часа в игре.

Кому понравился отзыв поставте палец вверх и напиши чтонибудь в профиле моем ! Спасибо!!!!

Все это CS GO!!! Не Болейте!!!!",1671874082,1671874082,True,733,184,0.934889912605285645,29,True,False,False,True,
76,131332959,"{'steamid': '76561199367611718', 'num_games_owned': 45, 'num_reviews': 2, 'playtime_forever': 5779, 'playtime_last_two_weeks': 182, 'playtime_at_review': 4387, 'last_played': 1680264059}",schinese,"这个游戏就像是缩小的世界，里面的人姿态百种
压力怪，纪狗，游戏享受者，幽默的人，友好与不友好的
惊叹，愤怒，伤心，快乐，疑惑
对路人来说它是消遣的游戏
对天才少年们来说它是证明自己的地方
对up主和职业哥来说它是工作
对组团玩家来说它是友情的纽带
倒勾不提

csgo虚拟又真实，既是游戏又是现实",1674389362,1674389362,True,311,14,0.933395624160766602,6,False,False,False,True,
77,127622489,"{'steamid': '76561197964570365', 'num_games_owned': 67, 'num_reviews': 4, 'playtime_forever': 6489, 'playtime_last_two_weeks': 789, 'playtime_at_review': 16, 'last_played': 1680107897}",russian,"Итак, что же такое CS GO?

- CS GO это когда раскраски оружия стоят дороже крутых игровых девайсов.
- CS GO это когда ты обязан дропнуть свой красивый калаш всей команде.
- CS GO это когда открываешь 20 сундуков и получаешь 20 кусков синего г**на.
- CS GO это когда тебя добавляют школьники и предлагают over 9000 сундуков в обмен на твой нож.
- CS GO это когда тебя добавляет школьник и начинает выпрашивать в подарок шмотку ценой в 3500 рублей, приводя при этом аргумент ""да ты ж богатый, что тебе стоит!"".
- CS GO это когда тебе по 10 раз в день присылают ссылки на трояны в надежде обчистить твой инвентарь.
- CS GO это когда тебя выгоняют только потому что ты Русский.
- CS GO это когда ты спалил свой стул после игры в соревновательном режиме.
- CS GO это когда ""глобалы"" создают по 10 аккаунтов и получают удовлетворение, играя против ""калашей"".
- CS GO это когда ты Russian Noob, если остался против пятерых, убил четверых но не добил пятого.
- CS GO это когда ты Russian Noob при счете 21-7-10, а у ближайшего тиммейта 8-0-16.
- CS GO это когда ты выучил польский и шведский за одну-две катки.
- CS GO это когда в соревновательном режиме поляков больше, чем в самой Польше.
- CS GO это когда ты в одиночку открываешь А, а бомба уже про***на на Б.
- CS GO это когда на твои советы и вопросы тебе отвечают ""stfu Russian"".
- CS GO это когда про***л три звания за день только из-за того, что каждый раз играешь против ""глобалов"", играющих со второго аккаунта.
- CS GO это когда каждый третий тиммейт - набустенный сильвер.
- CS GO это когда против тебя играет пять ¦¦¦¦¦¦¦¦¦¦ов с АВП.
- CS GO это когда одного ""беркута"" и четырех ""калашей"" кидает против пяти ""супримов"".
- CS GO это когда высаживаешь все 30 патронов в одного ¦¦¦¦¦¦¦¦¦¦а и наносиишь 99 in 7, а тот рандомным выстрелом попадает тебе в голову.
- CS GO это когда VAC показательно банит профессиональных игроков, но не может забанить ¦¦¦¦¦¦¦¦¦¦а, который простреливает всю команду через три стены, имея при этом 2.2 часа в игре.

Кому понравился отзыв поставте палец вверх и напиши чтонибудь в профиле моем ! Спасибо!!!!

Все это CS GO!!! Не Болейте!!!",1669805836,1669805836,True,529,98,0.932721138000488281,32,False,False,False,True,
78,120172716,"{'steamid': '76561198250966756', 'num_games_owned': 11, 'num_reviews': 1, 'playtime_forever': 115051, 'playtime_last_two_weeks': 1195, 'playtime_at_review': 99741, 'last_played': 1680034071}",ukrainian,Заберіть москалів,1659804984,1659804984,True,164,6,0.932362258434295654,0,True,False,False,False,
79,134403671,"{'steamid': '76561198427381640', 'num_games_owned': 29, 'num_reviews': 2, 'playtime_forever': 27004, 'playtime_last_two_weeks': 576, 'playtime_at_review': 26019, 'last_played': 1680200262}",turkish,Hileler olmasa ve 128tick sunucuya geçilse valo malo bırakmaz,1678454789,1678454789,True,422,28,0.931769490242004395,0,True,False,False,True,
80,130153695,"{'steamid': '76561198889862650', 'num_games_owned': 47, 'num_reviews': 1, 'playtime_forever': 99797, 'playtime_last_two_weeks': 963, 'playtime_at_review': 88225, 'last_played': 1680286261}",schinese,"这里养了一只kun kun 路过的朋友可以过来摸赞一次
⠀⠀⠀ ⠰⢷⢿⠄
⠀⠀⠀⠀⠀⣼⣷⣄
⠀⠀⣤⣿⣇⣿⣿⣧⣿⡄
⢴⠾⠋⠀⠀⠻⣿⣷⣿⣿⡀
⠀ ⢀⣿⣿⡿⢿⠈⣿
⠀⠀⠀⢠⣿⡿⠁⠀⡊⠀⠙
⠀⠀⠀⢿⣿⠀⠀⠹⣿
⠀⠀⠀⠀⠹⣷⡀⠀⣿⡄
⠀⠀⠀⠀⣀⣼⣿⠀⢈⣧",1672883480,1672883480,True,1228,210,0.931165575981140137,9,False,False,False,True,
81,133956711,"{'steamid': '76561199178703687', 'num_games_owned': 5, 'num_reviews': 1, 'playtime_forever': 69290, 'playtime_last_two_weeks': 2104, 'playtime_at_review': 64151, 'last_played': 1680262462}",schinese,和兄弟一起玩的 他很喜欢玩这个游戏 我不一样 我喜欢我兄弟,1677820639,1677820639,True,523,216,0.92941969633102417,0,False,False,False,True,
82,128887320,"{'steamid': '76561199140985880', 'num_games_owned': 40, 'num_reviews': 16, 'playtime_forever': 37684, 'playtime_last_two_weeks': 589, 'playtime_at_review': 15073, 'last_played': 1679823671}",schinese,"关于对中国的友好建议
那些坑完小学生钱就走的游戏遍网全是，你不去整治；那些点开网页全是蹩脚普通话的游戏，你不去整治；那些官网买外挂的游戏，你不去整治。你整治3A大作？暴力？色情？你看看国内到处网页广告上的图，个个都比STEAM裸露，你管都不管，你来管STEAM。你有闲情雅致怎么不去管管中国影视业？发展的比卢本伟还畸形。看看你的CCAV，在看看别人的BBC，差距。你自己建立起来的文化自信又被你自己踩下去，为什么？不革新自身的管理方式，还拖一个大平台下水。STEAM虽然被很多中国玩家当成启动器，但好歹让大家有了正版意识这个观念，好不容易有点进展就要被打回原型，鼓励大家玩盗版？不说所谓民主，为什么不能分级，分级制度就能解决大部分事情，你这样有意思吗？你们这些专家是真的睿智啊。你天天弄这些没有用，干脆就直接把网络什么的都取消，正常人不让用得了，一天组织点什么喊口号种地？？？还是直接回归原始社会得了，

我真正在意的是如果我买的游戏玩不了，我又找谁来赔偿，完美，还是国家？不过估计最后就是让我们这些坚持正版的玩家白白损失一笔，最后有要被一些现实生活中的盗版优越大爷好好嘲讽一下了，睿智啊。厉害了我的国，呵呵。始皇帝啊，这盛世如你所愿。一些人和身边的朋友小时候就在传奇和cs的游戏中长大，也没有谁去砍人杀人犯法，现在的熊孩子看喜羊羊等把其他孩子烤了，到底是游戏动漫的错？还是家庭学校不负责任的教育的错？大家心里都有数.你就这样就脱离了坚持社会主义100年的目标了？中国梦，是什么？好好学习，肉身出墙

游戏属于第九文化，任何一款大作游戏，本身就蕴含着作者思想与道，但对于我国目前还未开放的价值观而言，外国对于未来的思考以及奇特的众多幻想是不能被广电局所接受的。国内游戏就目前而言，有steam和主机各方面的因素，依旧是做个垃圾就能赚的盆满钵满，他们知道游戏本身品质只要勉强过得去，在在游戏里面设计点能装X的“微操”，以及各种各样涩情的原画，各种各样中二的建模和台词就能骗到钱，游戏本身剧情一定要扯，不能有深度，浅显易懂。这样的制作反而比你认认真真想剧情做出来的游戏赚钱得多，steam在国内看起来很多人知道，实际上在绝地求生出来之前你走在大街上根本没几个人知道有steam这个东西


其实中国实名认证已经比国外领先了，银联支付和微信支付都必须得需要身份证，那为什么还迟迟不推出分级政策呢？因为现在是否过审文化部和广电总局是由最高决定权的，没有相关的法律和规定来决定一款游戏是否过审

以前有个国内单机游戏厂商制作了一款武侠游戏去送审，因为是国内厂商，所以对于审查机制是很了解的，在送审前就去掉了血液还有断肢效果，尸体也都变成了黑色的，可就是这样都无法过审，审查机构说这款游戏里的玩家扮演角色在杀人后坐牢十天就可以了，很容易造成一些不好的社会影响，后来改着改着就变成一款只能骑马的武侠游戏了

而腾讯的天涯明月刀在杀死人形敌人之后一点责任都不用负，继续屠杀就可以了，这样造成的社会影响是不是更大呢，可天涯明月刀却过审了
为什么会这样呢，腾讯日进斗金，它交得起钱，而那个小厂商做完游戏就没什么钱了，所以中国单机游戏的发展不是看你制作水平，也不是看你宣传到不到位，是先看你交不交得起钱
而中国相关部门在审查时声称依据是什么呢？就是社会所谓的主旋律，就是社会主义核心价值观
这有点像什么呢？古代君王都会给自己的权力找个合乎于法理的声明，君权神授，我是真龙天子，我的权利都是上天赐给我的，而社会主义核心价值观就是充当了这种用途的工具，给自己不正当不合乎于法理的权利和获得的利益一个看上去合理的声明
香港澳门是特别行政区（这里修改一下，台湾不属于地区），他们的社会经济政治文化制度都和大陆不一样，那大家想过为什么会这样吗，其实很简单，回哭的孩子有奶吃，就比如说香港，假如97回归的时候就是大陆制度的话，他们就会大罢工大罢学，让社会不能正常运转，而当时国内外也有很多双眼睛在看着香港，所以他们就是特别行政区
而咱们大陆人呢，封外网的时候，咱们忍受住了，和谐魔兽世界的时候又忍受住了，从来没有为自己的权益发过声，而现在变本加厉，Steam中国版都要出了，最好的结果都是出来个中国版商店，现有国区的支付方式及低价区优惠都转移到上面去，这次还默默忍受的话这次那以后呢，怕不是变成朝鲜光明网了吧


很多人都把这些事情看似是理所应当的，不管是封外网还是和谐游戏，暴走大事件或者是现在的Steam中国版，而事实呢，欧洲在INS啊twitter啊上面有恐怖分子活动，而他们是简简单单的墙了这些社交软件了吗，他们跟这些恐怖分子打网络战，把他们驱逐出了这些社交软件，那既然如此中共为什么不行，就因为墙了低成本吗，我们的权益及我们娱乐休闲的地方还不如打场网络战的成本吗，中国人就要就要妥协隐忍而外国人就能保障自己的权益吗
请大家把这些言论扩散出去
为自己的权益和Steam发声


我不知道哪种被代表更好，一种是他们封禁和谐魔兽世界及暴走大事件等等自由媒体社交软件单机网游时所说的这是人民玩家的意愿更好，还是我今天发的这些东西代表了Steam玩家的利益更好，但我知道，我说的这些话都是肺腑之言，都是发自内心的话，都是在经历了这些事情后百味杂陈说的话，我是凭良心说的，而他们则不一定了


希望大家扩散这些言论
我知道十有八九没什么用，但岂能因声音微小而不呐喊
作为一个居住在中国的普通居民，热爱Steam，热爱Steam带来的快乐，能做的只有这些了
谢谢大家",1671505452,1671505452,True,1959,121,0.929276704788208008,0,True,False,False,True,
83,122393963,"{'steamid': '76561198305572967', 'num_games_owned': 15, 'num_reviews': 1, 'playtime_forever': 1919, 'playtime_last_two_weeks': 0, 'playtime_at_review': 1919, 'last_played': 1663442868}",russian,Всю игру долбят в сраку,1663444381,1663444381,True,287,74,0.928784310817718506,0,False,False,False,True,
84,115186616,"{'steamid': '76561199175044929', 'num_games_owned': 8, 'num_reviews': 1, 'playtime_forever': 92244, 'playtime_last_two_weeks': 1179, 'playtime_at_review': 44476, 'last_played': 1680269632}",schinese,神秘的东方干拉 极致的饰品碾压,1652062477,1652062477,True,400,114,0.928767979145050049,0,False,True,False,False,
85,133137237,"{'steamid': '76561199404432822', 'num_games_owned': 24, 'num_reviews': 3, 'playtime_forever': 15605, 'playtime_last_two_weeks': 889, 'playtime_at_review': 11343, 'last_played': 1680180603}",russian,культовое приложение по поиску поляков,1676765549,1676765549,True,354,97,0.928425610065460205,0,False,False,False,True,
86,115969984,"{'steamid': '76561199082285832', 'num_games_owned': 69, 'num_reviews': 1, 'playtime_forever': 22006, 'playtime_last_two_weeks': 612, 'playtime_at_review': 13213, 'last_played': 1680104077}",schinese,今天是牛子节，点赞这段话，牛子精灵就会在你睡着的时候偷偷给你的牛子加长1cm，但是如果你看到了这段话不点赞的话，你的牛子就会缩短1cm,1653445763,1653445763,True,3158,201,0.92758631706237793,20,False,False,False,False,
87,130504991,"{'steamid': '76561199165377026', 'num_games_owned': 2, 'num_reviews': 1, 'playtime_forever': 5640, 'playtime_last_two_weeks': 0, 'playtime_at_review': 4255, 'last_played': 1675187998}",turkish,Rusya'ya erişimin kapatılması gerekiyor.,1673274008,1673274008,True,270,39,0.92700040340423584,5,True,False,False,True,
88,116311211,"{'steamid': '76561199058175626', 'num_games_owned': 406, 'num_reviews': 58, 'playtime_forever': 77699, 'playtime_last_two_weeks': 658, 'playtime_at_review': 36580, 'last_played': 1680267131}",schinese,"《开摆精英：对转攻势》
但这并不妨碍这是款好游戏
只希望这游戏环境会越来越好吧
愿我们都不会遇到压力怪和挂狗",1654041693,1654041693,True,255,29,0.92688596248626709,2,False,False,False,False,
89,114029683,"{'steamid': '76561198929753808', 'num_games_owned': 46, 'num_reviews': 1, 'playtime_forever': 262584, 'playtime_last_two_weeks': 356, 'playtime_at_review': 226447, 'last_played': 1680082687}",schinese,你知道3500+小说可以干些什么吗，你可以考几本证书，你可以读完好几本名著，你可以看上千部经典电影，你可以努力提升自己，但是我没有，我选择了csgo，我的青春都在每一局ak射出的子弹、在每一次队友丢出的闪光弹、在每一次赢下残局后的快乐中度过，我不后悔，所以朋友们，上线来打枪吧,1650230285,1650230285,True,624,113,0.926712453365325928,15,False,False,False,False,
90,121533009,"{'steamid': '76561198279168179', 'num_games_owned': 62, 'num_reviews': 3, 'playtime_forever': 83260, 'playtime_last_two_weeks': 1030, 'playtime_at_review': 59995, 'last_played': 1680210249}",english,"After 100 hours I knew the basics of the game and the guns available
After 200 hours I threw away the knowledge of all guns and sprayed the P90
After 300 hours I clicked on people's heads with an SG
After 400 hours I was bad and abandoned ranked
After 500 hours I played wingman on Lake
After 600 hours I partook in an additional mild quantity of the winged male upon the realm by the Lake
After 700 hours I was silver 1 in wingman
After 800 hours I started playing on 130 ping to contain my sheer ability and flawless aim to give the rest of the community a chance
After 900 hours I have become a master of the arts in using a nova on 130 ping and the world trembles as I kill countless awptists with a swift burst of hot metal straight to the temple
Maybe once I hit 1000 hours I'll finally get out of silver

Now I got out of silver and I'm running straight back, hopefully I'll get back there by 1500",1661965295,1664757362,True,378,211,0.926174461841583252,28,False,False,False,True,
91,115269791,"{'steamid': '76561198065199391', 'num_games_owned': 73, 'num_reviews': 1, 'playtime_forever': 661016, 'playtime_last_two_weeks': 544, 'playtime_at_review': 574205, 'last_played': 1679935226}",german,"Dank CSGO..

- .. kann ich Russisch
- .. sterbe ich 20 Jahre früher
- .. werde ich jede 2. Runde als ♥♥♥♥ beschimpft
- .. jede andere Runde werde ich als ""toxic german"" beschimpft
- .. habe ich 300,- in einen Messer Skin investiert
- .. habe ich Leute kennengelernt, die durch Wände schauen können
- .. habe ich Leute kennengelernt, die sich schnell im Kreis drehen können
- .. hassen mich meine Nachbarn
- .. ist mein Tisch kaputt
- .. freut sich der Einzelhandel über Ihre Umsatzstärksten Monate dank meiner ganzen Tastatur- und Mauskäufe
- .. habe ich eine verbesserte Reaktionsfähigkeit

Eindeutige Kaufempfehlung für jeden, der an Suizid dachte und sich nicht vor die Bahn schmeißen will.",1652214784,1652214784,False,220,159,0.926097750663757324,15,True,False,False,False,
92,134243987,"{'steamid': '76561198168989730', 'num_games_owned': 674, 'num_reviews': 43, 'playtime_forever': 699, 'playtime_last_two_weeks': 0, 'playtime_at_review': 699, 'last_played': 1678201492}",russian,"Отзывы все равно никто не читает, поэтому я напишу, что я гей",1678201635,1678201635,True,977,319,0.926016569137573242,56,False,False,False,True,
93,122753929,"{'steamid': '76561199082992599', 'num_games_owned': 11, 'num_reviews': 1, 'playtime_forever': 142930, 'playtime_last_two_weeks': 1408, 'playtime_at_review': 130021, 'last_played': 1680140556}",russian,"Здесь очень хорошие игроки. Они с уважением относятся к вашим родственникам. Узнал много интересного про своих родителей. Мне кажется, что все 4 тиммейта любят мою маму больше чем я сам. Иногда попадаются люди с проблемами позвоночника. Им приходится смотреть вниз при этом бегать по карте. Конечно они раздают фраги жёстко, но мне всё равно жалко таких людей-инвалидов которые родились с заболеванием позвоночника. Бывает, в катку закинет человека, который способен чувствовать противника через стены. Недолго думая мой тиммейт тоже решил овладеть такой способностью. Какая-то Битва Экстрасенсов получается. ЛУЧШЕЕ ВЛОЖЕНИЕ 1000 РУБЛЕЙ.... ВСЕМ РЕКОМЕНДУЮ....",1664037571,1664037571,True,327,203,0.925972402095794678,0,False,False,False,True,
94,120273957,"{'steamid': '76561199072465143', 'num_games_owned': 19, 'num_reviews': 1, 'playtime_forever': 79573, 'playtime_last_two_weeks': 366, 'playtime_at_review': 43610, 'last_played': 1680279433}",schinese,非常好的游戏，另外今天是牛子节，点赞这段话，牛子精灵就会在你睡着的时候偷偷给你的牛子加长1cm，但是如果你看到了这段话不点赞的话，你的牛子就会缩短1cm,1659961256,1659961256,True,3756,240,0.925926148891448975,0,True,False,False,False,
95,119322487,"{'steamid': '76561199367573568', 'num_games_owned': 4, 'num_reviews': 3, 'playtime_forever': 48811, 'playtime_last_two_weeks': 802, 'playtime_at_review': 7703, 'last_played': 1680291258}",russian,"Итак, что же такое CS GO?

- CS GO это когда раскраски оружия стоят дороже крутых игровых девайсов.
- CS GO это когда ты обязан дропнуть свой красивый калаш всей команде.
- CS GO это когда открываешь 20 сундуков и получаешь 20 кусков синего г**на.
- CS GO это когда тебя добавляют школьники и предлагают over 9000 сундуков в обмен на твой нож.
- CS GO это когда тебя добавляет школьник и начинает выпрашивать в подарок шмотку ценой в 3500 рублей, приводя при этом аргумент ""да ты ж богатый, что тебе стоит!"".
- CS GO это когда тебе по 10 раз в день присылают ссылки на трояны в надежде обчистить твой инвентарь.
- CS GO это когда тебя выгоняют только потому что ты Русский.
- CS GO это когда ты спалил свой стул после игры в соревновательном режиме.
- CS GO это когда ""глобалы"" создают по 10 аккаунтов и получают удовлетворение, играя против ""калашей"".
- CS GO это когда ты Russian Noob, если остался против пятерых, убил четверых но не добил пятого.
- CS GO это когда ты Russian Noob при счете 21-7-10, а у ближайшего тиммейта 8-0-16.
- CS GO это когда ты выучил польский и шведский за одну-две катки.
- CS GO это когда в соревновательном режиме поляков больше, чем в самой Польше.
- CS GO это когда ты в одиночку открываешь А, а бомба уже про***на на Б.
- CS GO это когда на твои советы и вопросы тебе отвечают ""stfu Russian"".
- CS GO это когда про***л три звания за день только из-за того, что каждый раз играешь против ""глобалов"", играющих со второго аккаунта.
- CS GO это когда каждый третий тиммейт - набустенный сильвер.
- CS GO это когда против тебя играет пять ♥♥♥♥♥♥♥♥♥♥ов с АВП.
- CS GO это когда одного ""беркута"" и четырех ""калашей"" кидает против пяти ""супримов"".
- CS GO это когда высаживаешь все 30 патронов в одного ♥♥♥♥♥♥♥♥♥♥а и наносиишь 99 in 7, а тот рандомным выстрелом попадает тебе в голову.
- CS GO это когда VAC показательно банит профессиональных игроков, но не может забанить ♥♥♥♥♥♥♥♥♥♥а, который простреливает всю команду через три стены, имея при этом 2.2 часа в игре.

Кому понравился отзыв поставте палец вверх и напиши чтонибудь в профиле моем ! Спасибо!!!!

Все это CS GO!!! Не Болейте!!!!",1658583449,1658583449,True,771,203,0.925754129886627197,0,False,False,False,False,
96,134242401,"{'steamid': '76561199424665732', 'num_games_owned': 1, 'num_reviews': 1, 'playtime_forever': 28203, 'playtime_last_two_weeks': 3122, 'playtime_at_review': 22778, 'last_played': 1680276274}",schinese,请奖励这条评论，我还差2000点去买那些骚逼头像和背景，给我点赞牛子精灵会让你增长1cm，奖励我的人牛子增长10cm.,1678199658,1678199658,True,2104,109,0.925381302833557129,0,False,True,False,True,
97,120431953,"{'steamid': '76561199010235420', 'num_games_owned': 66, 'num_reviews': 3, 'playtime_forever': 50481, 'playtime_last_two_weeks': 219, 'playtime_at_review': 34498, 'last_played': 1680171066}",schinese,非常好的游戏，另外今天是牛子节，点赞这段话，牛子精灵就会在你睡着的时候偷偷给你的牛子加长1cm，但是如果你看到了这段话不点赞的话，你的牛子就会缩短1cm,1660204856,1660204856,True,1716,83,0.925157129764556885,0,False,False,False,False,
98,134393806,"{'steamid': '76561199443492335', 'num_games_owned': 9, 'num_reviews': 4, 'playtime_forever': 3038, 'playtime_last_two_weeks': 247, 'playtime_at_review': 2569, 'last_played': 1679715643}",schinese,原冲着免费fps来的，不打算充钱，直到我看见了他的刀会转...,1678438197,1678438197,True,226,70,0.925093352794647217,0,True,False,False,True,
99,121574104,"{'steamid': '76561199194108416', 'num_games_owned': 2, 'num_reviews': 1, 'playtime_forever': 29603, 'playtime_last_two_weeks': 112, 'playtime_at_review': 18506, 'last_played': 1679566701}",schinese,陪兄弟玩的，他很喜欢这款游戏。而我不一样，我喜欢他。,1662041395,1662041395,True,203,112,0.924127399921417236,5,True,False,False,True,
